Format Version,1.25,Take Name,Side_Step_Right_030,Take Notes,,Capture Frame Rate,240.000000,Export Frame Rate,240.000000,Capture Start Time,2025-08-27 08.35.46.923 PM,Capture Start Frame,1491046,Total Frames in Take,397,Total Exported Frames,397,Rotation Type,Quaternion,Length Units,Millimeters,Coordinate Space,Global

,Type,Rigid Body,Rigid Body,Rigid Body,Rigid Body,Rigid Body,Rigid Body,Rigid Body,Rigid Body,Rigid Body,Rigid Body,Rigid Body,Rigid Body,Rigid Body,Rigid Body,Rigid Body,Rigid Body,Rigid Body,Rigid Body,Rigid Body,Rigid Body,Rigid Body
,Name,LFoot,LFoot,LFoot,LFoot,LFoot,LFoot,LFoot,RFoot,RFoot,RFoot,RFoot,RFoot,RFoot,RFoot,Waist,Waist,Waist,Waist,Waist,Waist,Waist
,ID,F166F33A839B11F034C857AE43D8E3B6,F166F33A839B11F034C857AE43D8E3B6,F166F33A839B11F034C857AE43D8E3B6,F166F33A839B11F034C857AE43D8E3B6,F166F33A839B11F034C857AE43D8E3B6,F166F33A839B11F034C857AE43D8E3B6,F166F33A839B11F034C857AE43D8E3B6,BBD91479839C11F034C857AE43D8E3B6,BBD91479839C11F034C857AE43D8E3B6,BBD91479839C11F034C857AE43D8E3B6,BBD91479839C11F034C857AE43D8E3B6,BBD91479839C11F034C857AE43D8E3B6,BBD91479839C11F034C857AE43D8E3B6,BBD91479839C11F034C857AE43D8E3B6,84966C9E839D11F034C857AE43D8E3B6,84966C9E839D11F034C857AE43D8E3B6,84966C9E839D11F034C857AE43D8E3B6,84966C9E839D11F034C857AE43D8E3B6,84966C9E839D11F034C857AE43D8E3B6,84966C9E839D11F034C857AE43D8E3B6,84966C9E839D11F034C857AE43D8E3B6
,Parent,,,,,,,,,,,,,,,,,,,,,
,,Rotation,Rotation,Rotation,Rotation,Position,Position,Position,Rotation,Rotation,Rotation,Rotation,Position,Position,Position,Rotation,Rotation,Rotation,Rotation,Position,Position,Position
Frame,Time (Seconds),X,Y,Z,W,X,Y,Z,X,Y,Z,W,X,Y,Z,X,Y,Z,W,X,Y,Z
0,0.000000,0.023961,0.031512,0.526305,-0.849374,-689.310974,166.680267,39.513477,0.025002,0.015772,0.657929,-0.752500,-595.189697,-61.592064,40.307156,-0.026849,0.003596,-0.514254,0.857210,-628.398438,96.389160,961.005188
1,0.004167,0.023944,0.031621,0.526309,-0.849368,-689.332947,166.713745,39.493599,0.024784,0.015600,0.657822,-0.752604,-595.182373,-61.621712,40.333225,-0.027286,0.003286,-0.514387,0.857118,-628.534180,96.187576,961.053162
2,0.008333,0.024019,0.031917,0.526307,-0.849356,-689.358398,166.736908,39.483784,0.024509,0.015370,0.657677,-0.752745,-595.174866,-61.649204,40.367458,-0.027579,0.003065,-0.514509,0.857036,-628.668945,95.980881,961.128601
3,0.012500,0.024079,0.032148,0.526356,-0.849315,-689.386841,166.766510,39.483959,0.024221,0.015125,0.657542,-0.752877,-595.176453,-61.693428,40.397121,-0.027870,0.002952,-0.514626,0.856957,-628.819458,95.745972,961.230957
4,0.016667,0.024087,0.032248,0.526398,-0.849285,-689.407654,166.786469,39.474537,0.023910,0.014870,0.657397,-0.753019,-595.179443,-61.733883,40.424942,-0.028160,0.002738,-0.514791,0.856849,-628.967712,95.500854,961.349060
5,0.020833,0.024150,0.032537,0.526446,-0.849242,-689.416260,166.799332,39.478390,0.023646,0.014641,0.657265,-0.753147,-595.180664,-61.777779,40.453979,-0.028525,0.002561,-0.514966,0.856732,-629.123413,95.241493,961.442139
6,0.025000,0.024140,0.032837,0.526508,-0.849193,-689.416626,166.810593,39.480423,0.023320,0.014340,0.657153,-0.753260,-595.181335,-61.821465,40.492214,-0.028881,0.002356,-0.515158,0.856605,-629.273376,94.975517,961.510071
7,0.029167,0.024173,0.033547,0.526576,-0.849122,-689.398315,166.832214,39.536999,0.023363,0.014112,0.656890,-0.753492,-595.226807,-61.852669,40.484173,-0.029224,0.002209,-0.515398,0.856450,-629.442505,94.690903,961.618225
8,0.033333,0.024306,0.033916,0.526663,-0.849050,-689.389709,166.832916,39.549461,0.023106,0.013790,0.656709,-0.753664,-595.223755,-61.889988,40.513710,-0.029434,0.002124,-0.515741,0.856236,-629.626282,94.391823,961.752319
9,0.037500,0.024328,0.034090,0.526738,-0.848995,-689.382324,166.835114,39.530739,0.022684,0.013406,0.656543,-0.753828,-595.212708,-61.933186,40.568863,-0.031586,0.000691,-0.515910,0.856060,-629.952209,93.721893,961.233215
10,0.041667,0.024203,0.034249,0.526780,-0.848966,-689.387878,166.837158,39.543861,0.022227,0.012978,0.656385,-0.753987,-595.192871,-61.980888,40.628075,-0.032114,0.000036,-0.516176,0.855880,-630.172180,93.291389,961.234009
11,0.045833,0.024363,0.034303,0.526932,-0.848865,-689.367310,166.840012,39.513908,0.021850,0.012547,0.656206,-0.754161,-595.165710,-62.032509,40.681507,-0.032523,-0.000446,-0.516511,0.855662,-630.390869,92.890533,961.253723
12,0.050000,0.024334,0.034149,0.527019,-0.848818,-689.351501,166.842819,39.499203,0.021135,0.012056,0.656111,-0.754272,-595.078674,-62.099216,40.790863,-0.032898,-0.000894,-0.516924,0.855398,-630.628967,92.477379,961.282471
13,0.054167,0.024127,0.034343,0.527007,-0.848824,-689.362427,166.834976,39.524265,0.020752,0.011517,0.655910,-0.754465,-595.035828,-62.163380,40.870750,-0.033354,-0.001303,-0.517367,0.855112,-630.873657,92.034447,961.270935
14,0.058333,0.024117,0.034577,0.527037,-0.848796,-689.403625,166.836945,39.547180,0.020375,0.010934,0.655735,-0.754637,-594.985596,-62.230251,40.955791,-0.033688,-0.001846,-0.517840,0.854812,-631.120728,91.595718,961.261841
15,0.062500,0.024034,0.034680,0.527133,-0.848734,-689.421143,166.831131,39.546474,0.020034,0.010197,0.655569,-0.754801,-594.935120,-62.307137,41.046642,-0.033969,-0.002405,-0.518313,0.854513,-631.387024,91.142952,961.270142
16,0.066667,0.023973,0.034590,0.527165,-0.848720,-689.439880,166.846542,39.534897,0.019721,0.009488,0.655417,-0.754950,-594.851685,-62.385002,41.143181,-0.034249,-0.002891,-0.518900,0.854144,-631.652710,90.668861,961.265015
17,0.070833,0.023916,0.034621,0.527201,-0.848698,-689.454224,166.858582,39.525291,0.019397,0.008568,0.655258,-0.755107,-594.769470,-62.480251,41.268723,-0.034597,-0.003319,-0.519587,0.853710,-631.898865,90.195000,961.259766
18,0.075000,0.023831,0.034515,0.527250,-0.848674,-689.472839,166.873642,39.509224,0.019086,0.007340,0.655071,-0.755291,-594.692993,-62.622486,41.426579,-0.034893,-0.003737,-0.520275,0.853278,-632.156189,89.675995,961.276001
19,0.079167,0.023687,0.034467,0.527234,-0.848690,-689.522827,166.881012,39.515408,0.018398,0.006106,0.654895,-0.755471,-594.594421,-62.766396,41.683079,-0.035127,-0.004062,-0.521147,0.852734,-632.447998,89.200943,961.264160
20,0.083333,0.023579,0.034412,0.527195,-0.848720,-689.551208,166.891174,39.499359,0.018404,0.004596,0.654571,-0.755762,-594.455688,-62.908070,41.853710,-0.035232,-0.004445,-0.522213,0.852076,-632.760803,88.744385,961.239319
21,0.087500,0.023524,0.034386,0.527261,-0.848682,-689.569519,166.892654,39.493607,0.018211,0.002819,0.654397,-0.755926,-594.295166,-63.108147,42.062447,-0.035372,-0.004756,-0.523238,0.851439,-633.045410,88.272110,961.259460
22,0.091667,0.023529,0.034483,0.527354,-0.848620,-689.581421,166.887878,39.488441,0.017724,0.000973,0.654183,-0.756128,-594.153870,-63.324249,42.383881,-0.035668,-0.004788,-0.524153,0.850863,-633.277344,87.733284,961.292908
23,0.095833,0.023548,0.034608,0.527433,-0.848565,-689.584412,166.884598,39.475807,0.017787,-0.000946,0.653740,-0.756509,-594.010132,-63.549580,42.690365,-0.035879,-0.004655,-0.525374,0.850102,-633.562317,87.114464,961.292908
24,0.100000,0.023490,0.034541,0.527512,-0.848520,-689.598267,166.890305,39.467960,0.018000,-0.003032,0.653434,-0.756763,-593.801636,-63.820110,42.953205,-0.036314,-0.004955,-0.526591,0.849328,-633.745911,86.637871,961.172668
25,0.104167,0.023616,0.034621,0.527656,-0.848424,-689.574585,166.883209,39.441170,0.018003,-0.005191,0.653126,-0.757017,-593.585510,-64.100838,43.252995,-0.036503,-0.005166,-0.527813,0.848560,-633.979431,86.103607,961.072632
26,0.108333,0.023439,0.034508,0.527621,-0.848455,-689.606812,166.875671,39.454788,0.018337,-0.007312,0.652539,-0.757498,-593.367554,-64.414261,43.622837,-0.036836,-0.005241,-0.528782,0.847942,-634.141907,85.518158,961.034851
27,0.112500,0.023362,0.034377,0.527611,-0.848469,-689.627319,166.869751,39.445900,0.018805,-0.009313,0.651862,-0.758048,-593.146179,-64.744919,44.026436,-0.037015,-0.005379,-0.529738,0.847336,-634.256042,84.995262,961.011414
28,0.116667,0.023466,0.034438,0.527757,-0.848373,-689.601746,166.869080,39.420330,0.019668,-0.011022,0.651056,-0.758695,-592.883179,-65.115852,44.473713,-0.037233,-0.005485,-0.530757,0.846688,-634.359009,84.449921,960.995361
29,0.120833,0.023305,0.034436,0.527741,-0.848387,-689.628174,166.859467,39.432758,0.020491,-0.012749,0.650169,-0.759406,-592.580688,-65.544067,44.958912,-0.037314,-0.005637,-0.532106,0.845837,-634.521973,83.928474,960.902161
30,0.125000,0.023243,0.034415,0.527695,-0.848418,-689.647461,166.849426,39.437134,0.020924,-0.014294,0.649292,-0.760117,-592.254517,-66.036278,45.524170,-0.037456,-0.005894,-0.533459,0.844976,-634.691467,83.447144,960.785645
31,0.129167,0.023202,0.034332,0.527723,-0.848405,-689.650330,166.844666,39.431671,0.021738,-0.016216,0.648319,-0.760886,-591.945007,-66.548096,45.976982,-0.037915,-0.006052,-0.534352,0.844390,-634.738647,82.835320,960.734009
32,0.133333,0.023199,0.034390,0.527740,-0.848393,-689.646362,166.835312,39.425720,0.022675,-0.018662,0.647538,-0.761467,-591.584473,-67.105537,46.379566,-0.038236,-0.005785,-0.535412,0.843705,-634.790649,82.218674,960.724731
33,0.137500,0.023134,0.034267,0.527774,-0.848378,-689.640442,166.818283,39.416573,0.023867,-0.020463,0.647340,-0.761553,-591.141357,-67.828682,46.796040,-0.038309,-0.005746,-0.536499,0.843011,-634.836731,81.620560,960.703857
34,0.141667,0.023083,0.034210,0.527784,-0.848376,-689.655518,166.811356,39.413208,0.024613,-0.022362,0.647553,-0.761295,-590.593994,-68.755211,47.237297,-0.038479,-0.006017,-0.537368,0.842448,-634.809387,81.013298,960.696716
35,0.145833,0.023068,0.034157,0.527794,-0.848371,-689.663452,166.811737,39.413399,0.024419,-0.024247,0.648092,-0.760784,-589.911926,-69.791557,47.790516,-0.038788,-0.006155,-0.538265,0.841860,-634.770386,80.449730,960.612915
36,0.150000,0.023008,0.034059,0.527810,-0.848368,-689.665039,166.816559,39.407936,0.024387,-0.026383,0.648702,-0.760194,-589.178833,-70.941437,48.286163,-0.038518,-0.005961,-0.540320,0.840557,-635.053772,79.854164,960.541809
37,0.154167,0.023012,0.034017,0.527824,-0.848360,-689.667358,166.807495,39.403706,0.024949,-0.027580,0.649718,-0.759265,-588.366333,-72.249390,48.746197,-0.038594,-0.006216,-0.541294,0.839924,-635.089111,79.240501,960.560913
38,0.158333,0.022935,0.033952,0.527840,-0.848355,-689.671082,166.805496,39.391666,0.025630,-0.028263,0.650851,-0.758246,-587.376709,-73.731850,49.262638,-0.038845,-0.006533,-0.542022,0.839441,-635.062622,78.619026,960.601501
39,0.162500,0.022900,0.033847,0.527853,-0.848352,-689.684692,166.802353,39.388538,0.026361,-0.029754,0.652282,-0.756934,-586.381226,-75.288727,49.683258,-0.039214,-0.006467,-0.542609,0.839044,-635.003662,78.020485,960.640015
40,0.166667,0.022866,0.033818,0.527847,-0.848358,-689.686768,166.802719,39.385571,0.027393,-0.030028,0.654029,-0.755377,-585.299194,-77.026703,50.187115,-0.039615,-0.006686,-0.543032,0.838750,-634.921936,77.412346,960.708679
41,0.170833,0.022802,0.033606,0.527842,-0.848371,-689.694214,166.800964,39.373764,0.028533,-0.029899,0.655781,-0.753819,-584.090942,-78.986359,50.662525,-0.039368,-0.006440,-0.543827,0.838248,-634.974670,76.879250,960.770142
42,0.175000,0.022823,0.033561,0.527895,-0.848339,-689.691895,166.797623,39.370644,0.029338,-0.029918,0.657672,-0.752138,-582.816223,-80.977394,51.163307,-0.039278,-0.006427,-0.544429,0.837862,-634.937134,76.311882,960.819214
43,0.179167,0.022782,0.033510,0.527875,-0.848355,-689.688721,166.790222,39.365906,0.030710,-0.029004,0.660057,-0.750027,-581.477478,-83.168579,51.664776,-0.039603,-0.006472,-0.544839,0.837580,-634.818604,75.757164,960.812744
44,0.183333,0.022744,0.033419,0.527877,-0.848358,-689.693787,166.783737,39.357044,0.031883,-0.027872,0.662455,-0.747904,-579.973389,-85.470917,52.129738,-0.039979,-0.006472,-0.545190,0.837334,-634.711487,75.188904,960.816101
45,0.187500,0.022726,0.033344,0.527842,-0.848384,-689.699585,166.790054,39.358486,0.032331,-0.027621,0.665245,-0.745413,-578.289978,-87.790100,52.687809,-0.040073,-0.006348,-0.545547,0.837098,-634.620789,74.607605,960.880005
46,0.191667,0.022653,0.033270,0.527849,-0.848384,-689.698181,166.785919,39.355206,0.030329,-0.029070,0.667973,-0.742999,-576.655273,-90.152428,53.436569,-0.040045,-0.006450,-0.545944,0.836839,-634.516724,74.034172,960.945679
47,0.195833,0.022653,0.033275,0.527889,-0.848359,-689.685974,166.780853,39.356884,0.027445,-0.031094,0.669930,-0.741265,-574.785217,-92.255539,54.090630,-0.039925,-0.006756,-0.546416,0.836534,-634.407959,73.544968,960.931763
48,0.200000,0.022615,0.033197,0.527895,-0.848359,-689.682068,166.779022,39.352669,0.036898,-0.024025,0.672085,-0.739164,-572.909607,-95.564796,54.080009,-0.039821,-0.007497,-0.546860,0.836243,-634.270569,73.092682,960.853088
49,0.204167,0.022569,0.033040,0.527886,-0.848372,-689.688843,166.775314,39.342865,0.037613,-0.022187,0.674959,-0.736561,-571.107361,-98.746582,54.636555,-0.040020,-0.008037,-0.546954,0.836167,-634.068237,72.516129,960.887756
50,0.208333,0.022478,0.032974,0.527808,-0.848426,-689.698425,166.783386,39.345890,0.039427,-0.021204,0.676805,-0.734800,-569.037842,-101.647842,54.922604,-0.039938,-0.007827,-0.547213,0.836003,-633.892700,71.961899,960.894836
51,0.212500,0.022459,0.032864,0.527784,-0.848446,-689.704590,166.781570,39.345821,0.040888,-0.019630,0.679504,-0.732269,-567.029907,-104.749443,55.242062,-0.039715,-0.007904,-0.547415,0.835881,-633.714294,71.380859,960.932312
52,0.216667,0.022361,0.032718,0.527664,-0.848528,-689.720093,166.799515,39.336769,0.041737,-0.017480,0.682658,-0.729335,-565.122620,-108.056023,55.765335,-0.040121,-0.008252,-0.547482,0.835815,-633.457153,70.786926,960.897156
53,0.220833,0.022226,0.032556,0.527577,-0.848592,-689.732178,166.811859,39.336689,0.044268,-0.016157,0.684321,-0.727657,-562.865845,-111.325203,55.957108,-0.040549,-0.008711,-0.547508,0.835772,-633.170044,70.207970,960.895020
54,0.225000,0.022250,0.032507,0.527556,-0.848607,-689.738708,166.813522,39.333508,0.046038,-0.014724,0.686330,-0.725682,-560.578247,-114.784988,56.211700,-0.040559,-0.009344,-0.547591,0.835710,-632.930115,69.594925,960.984802
55,0.229167,0.022212,0.032339,0.527552,-0.848617,-689.739075,166.813873,39.326202,0.047507,-0.013049,0.688150,-0.723894,-558.195312,-118.290268,56.472202,-0.040243,-0.009792,-0.547792,0.835589,-632.726929,69.015938,961.021484
56,0.233333,0.022124,0.032180,0.527515,-0.848647,-689.736755,166.807724,39.316525,0.049476,-0.011395,0.689780,-0.722237,-555.750977,-121.837646,56.717194,-0.040267,-0.010123,-0.547729,0.835625,-632.424072,68.404221,961.110291
57,0.237500,0.022110,0.032151,0.527514,-0.848650,-689.744019,166.800552,39.316776,0.050434,-0.009782,0.691540,-0.720509,-553.269287,-125.455124,56.988712,-0.040403,-0.010082,-0.547905,0.835503,-632.138367,67.861084,961.092224
58,0.241667,0.022070,0.032101,0.527506,-0.848657,-689.744385,166.789963,39.322182,0.052191,-0.008292,0.693332,-0.718678,-550.714417,-129.210007,57.147518,-0.040183,-0.010349,-0.548084,0.835393,-631.843567,67.288239,961.120972
59,0.245833,0.022055,0.032010,0.527471,-0.848683,-689.745239,166.779510,39.320297,0.053936,-0.006633,0.694699,-0.717245,-548.076538,-132.959045,57.344868,-0.039986,-0.010450,-0.548361,0.835220,-631.550171,66.763268,961.124023
60,0.250000,0.021966,0.031827,0.527489,-0.848681,-689.738525,166.771973,39.316689,0.056110,-0.004614,0.696322,-0.715518,-545.475830,-136.877777,57.538197,-0.040021,-0.010116,-0.548554,0.835096,-631.216553,66.180916,961.153015
61,0.254167,0.021940,0.031600,0.527455,-0.848712,-689.744202,166.771637,39.302399,0.057855,-0.003247,0.697587,-0.714153,-542.786926,-140.767365,57.687248,-0.040065,-0.010097,-0.548748,0.834966,-630.857422,65.578568,961.064026
62,0.258333,0.021896,0.031454,0.527433,-0.848732,-689.750122,166.769928,39.292789,0.059780,-0.001702,0.698743,-0.712869,-540.065979,-144.661743,57.863129,-0.040926,-0.009813,-0.548568,0.835046,-630.379333,64.839584,961.018616
63,0.262500,0.021278,0.029773,0.527397,-0.848831,-689.834717,166.824966,39.175846,0.061699,-0.000594,0.699612,-0.711854,-537.281921,-148.533936,57.943558,-0.041350,-0.009806,-0.548650,0.834971,-629.929199,64.181870,960.970642
64,0.266667,0.020954,0.029058,0.527477,-0.848813,-689.907104,166.847900,39.118954,0.063138,0.000645,0.700682,-0.710674,-534.479919,-152.506317,58.014427,-0.041073,-0.009946,-0.548965,0.834777,-629.514771,63.619183,960.925659
65,0.270833,0.020705,0.028380,0.527498,-0.848829,-689.916504,166.851944,39.079311,0.064391,0.001925,0.701660,-0.709594,-531.610291,-156.590408,58.057838,-0.040786,-0.009599,-0.549060,0.834732,-629.104553,62.957748,961.073425
66,0.275000,0.020677,0.028312,0.527478,-0.848845,-689.914429,166.833466,39.071396,0.065390,0.003441,0.702687,-0.708479,-528.660400,-160.662720,58.214268,-0.040752,-0.009185,-0.549217,0.834635,-628.662720,62.323944,961.069824
67,0.279167,0.020596,0.028076,0.527472,-0.848859,-689.885925,166.804962,39.067993,0.066195,0.004631,0.703598,-0.707493,-525.605713,-164.732437,58.277744,-0.040920,-0.008617,-0.549311,0.834571,-628.205200,61.679855,961.084167
68,0.283333,0.020650,0.027928,0.527471,-0.848863,-689.841858,166.770905,39.077271,0.066829,0.005829,0.704402,-0.706624,-522.587708,-168.893478,58.358768,-0.041202,-0.009016,-0.549546,0.834398,-627.722229,61.070293,960.959351
69,0.287500,0.020847,0.028256,0.527442,-0.848865,-689.811401,166.705399,39.122444,0.067592,0.007149,0.704969,-0.705974,-519.503662,-173.060989,58.445229,-0.042528,-0.010301,-0.547896,0.835401,-626.845032,60.195534,960.982910
70,0.291667,0.021429,0.029662,0.527486,-0.848776,-689.741455,166.610855,39.243164,0.068679,0.008378,0.705501,-0.705324,-516.388306,-177.276001,58.529938,-0.042941,-0.012765,-0.550665,0.833523,-625.899109,60.271618,960.264526
71,0.295833,0.021626,0.030342,0.527519,-0.848726,-689.700500,166.566147,39.314144,0.069444,0.009709,0.706028,-0.704705,-513.298706,-181.480637,58.650417,-0.043056,-0.012406,-0.550814,0.833424,-625.372437,59.585228,960.202515
72,0.300000,0.021579,0.030207,0.527498,-0.848745,-689.662598,166.548737,39.326111,0.070815,0.011359,0.706329,-0.704242,-510.157227,-185.716141,58.719498,-0.043159,-0.012218,-0.550940,0.833339,-624.788879,58.911129,960.192444
73,0.304167,0.021519,0.029969,0.527479,-0.848767,-689.643433,166.536530,39.332085,0.072692,0.012964,0.706463,-0.703887,-506.964935,-190.000412,58.796452,-0.043247,-0.012269,-0.550904,0.833357,-624.164978,58.192768,960.161438
74,0.308333,0.021642,0.030642,0.527157,-0.848940,-689.639587,166.448273,39.296471,0.074208,0.014701,0.706505,-0.703653,-503.798248,-194.287430,58.855015,-0.043556,-0.012332,-0.550848,0.833377,-623.572693,57.460781,960.091125
75,0.312500,0.021659,0.031041,0.527022,-0.849008,-689.616577,166.380875,39.266914,0.076286,0.016616,0.706589,-0.703304,-500.590027,-198.605225,58.941189,-0.043525,-0.012383,-0.550804,0.833407,-622.994446,56.700630,959.996033
76,0.316667,0.021593,0.030902,0.527067,-0.848987,-689.563477,166.358505,39.229595,0.077532,0.017766,0.706331,-0.703399,-497.343628,-202.887619,59.070892,-0.043717,-0.012312,-0.550651,0.833499,-622.337341,55.911453,959.942993
77,0.320833,0.021326,0.030464,0.527076,-0.849004,-689.581543,166.344498,39.244835,0.080481,0.019637,0.706289,-0.703060,-494.129242,-207.211761,59.011642,-0.043644,-0.011990,-0.550592,0.833546,-621.661560,55.137478,959.909241
78,0.325000,0.021392,0.030018,0.527180,-0.848954,-689.549316,166.332520,39.239994,0.082689,0.020994,0.706263,-0.702791,-490.894897,-211.579895,59.117825,-0.043791,-0.011821,-0.550528,0.833584,-621.029724,54.286766,959.825256
79,0.329167,0.021356,0.029483,0.527261,-0.848923,-689.530334,166.315826,39.244106,0.085494,0.022363,0.705932,-0.702745,-487.603638,-215.907379,59.169888,-0.044114,-0.011715,-0.550469,0.833607,-620.355286,53.496822,959.735413
80,0.333333,0.021227,0.029056,0.527223,-0.848965,-689.523315,166.300919,39.247402,0.088319,0.024168,0.706024,-0.702244,-484.405334,-220.396362,59.157188,-0.043843,-0.011688,-0.550256,0.833762,-619.616089,52.679836,959.682007
81,0.337500,0.021106,0.028722,0.527193,-0.848998,-689.508911,166.277298,39.239574,0.090948,0.024518,0.705899,-0.702022,-481.161652,-224.789627,59.252510,-0.044095,-0.011782,-0.550085,0.833861,-618.908997,51.792473,959.570618
82,0.341667,0.021028,0.028416,0.527190,-0.849012,-689.492554,166.250793,39.229187,0.094269,0.026148,0.705912,-0.701511,-477.920227,-229.272003,59.242619,-0.044003,-0.011414,-0.550076,0.833876,-618.228210,50.977974,959.509155
83,0.345833,0.020904,0.027745,0.527332,-0.848949,-689.535156,166.196396,39.202206,0.095520,0.026795,0.706144,-0.701084,-474.720795,-233.679749,59.280739,-0.044294,-0.010799,-0.549853,0.834016,-617.428711,50.065151,959.480957
84,0.350000,0.020831,0.027224,0.527420,-0.848913,-689.545227,166.159088,39.172298,0.098778,0.027256,0.706281,-0.700476,-471.509949,-238.167160,59.408813,-0.044298,-0.010475,-0.549907,0.833985,-616.673584,49.196789,959.399719
85,0.354167,0.020748,0.026721,0.527433,-0.848923,-689.538940,166.119537,39.153606,0.100268,0.027340,0.706446,-0.700095,-468.306366,-242.576630,59.335030,-0.043930,-0.010204,-0.549918,0.834000,-615.930847,48.345104,959.346130
86,0.358333,0.020641,0.026318,0.527423,-0.848944,-689.517578,166.099426,39.150658,0.102941,0.027212,0.706712,-0.699443,-465.138947,-246.984589,59.377167,-0.044066,-0.010351,-0.549478,0.834281,-615.115051,47.369202,959.281189
87,0.362500,0.020566,0.026059,0.527453,-0.848935,-689.496521,166.077744,39.148846,0.104366,0.027471,0.707062,-0.698868,-461.954407,-251.410843,59.418575,-0.044367,-0.010362,-0.549396,0.834319,-614.342285,46.405724,959.057434
88,0.366667,0.020416,0.025684,0.527443,-0.848956,-689.499695,166.061432,39.148727,0.104383,0.026480,0.707766,-0.698191,-458.806305,-255.773575,59.486469,-0.044132,-0.009740,-0.549387,0.834345,-613.551941,45.418915,959.022095
89,0.370833,0.020301,0.025285,0.527482,-0.848947,-689.484924,166.033432,39.144558,0.105305,0.026055,0.708454,-0.697370,-455.664703,-260.217133,59.544178,-0.043794,-0.009576,-0.549075,0.834570,-612.658203,44.424889,958.966675
90,0.375000,0.019830,0.023275,0.527947,-0.848727,-689.484436,166.140366,39.170383,0.107988,0.025738,0.708501,-0.696924,-452.507263,-264.544586,59.469021,-0.043548,-0.009439,-0.549125,0.834552,-611.859924,43.453075,958.834595
91,0.379167,0.019821,0.023722,0.527681,-0.848880,-689.444763,166.043945,39.136681,0.109341,0.024986,0.709149,-0.696081,-449.471710,-268.891083,59.621616,-0.043384,-0.009265,-0.548967,0.834666,-611.001831,42.396271,958.800110
92,0.383333,0.019982,0.024285,0.527505,-0.848970,-689.413025,165.946350,39.091255,0.109431,0.023990,0.710007,-0.695227,-446.471344,-273.207092,59.689262,-0.043362,-0.008681,-0.548820,0.834770,-610.131897,41.304085,958.656921
93,0.387500,0.019916,0.024136,0.527512,-0.848971,-689.399841,165.905731,39.083416,0.111154,0.023148,0.710360,-0.694621,-443.450439,-277.447784,59.765945,-0.043022,-0.008408,-0.548716,0.834859,-609.245911,40.224274,958.602661
94,0.391667,0.019517,0.021983,0.528045,-0.848708,-689.414307,166.034546,39.138729,0.112019,0.022416,0.710733,-0.694123,-440.462280,-281.611603,59.908070,-0.042909,-0.007786,-0.548499,0.835013,-608.331482,39.099430,958.578674
95,0.395833,0.019563,0.022524,0.527792,-0.848849,-689.390808,165.939392,39.099007,0.112630,0.021282,0.711099,-0.693686,-437.512543,-285.788635,59.930988,-0.042742,-0.007413,-0.548446,0.835060,-607.437256,37.934948,958.432251
96,0.400000,0.019511,0.022625,0.527647,-0.848938,-689.369873,165.880951,39.088665,0.114484,0.020938,0.711530,-0.692950,-434.637115,-290.000153,60.033253,-0.042683,-0.006959,-0.548258,0.835191,-606.495850,36.716236,958.319214
97,0.404167,0.019374,0.022368,0.527639,-0.848953,-689.339233,165.840973,39.065182,0.115860,0.019909,0.711607,-0.692673,-431.782928,-294.082153,60.092697,-0.042840,-0.006258,-0.548136,0.835268,-605.513916,35.539219,958.198364
98,0.408333,0.019264,0.021936,0.527732,-0.848909,-689.328369,165.818130,39.063076,0.117237,0.018406,0.711902,-0.692179,-429.014771,-298.179108,60.092400,-0.042312,-0.006299,-0.548077,0.835333,-604.604614,34.309757,958.112854
99,0.412500,0.019123,0.021387,0.527784,-0.848894,-689.316223,165.810623,39.072834,0.117818,0.017422,0.711989,-0.692017,-426.277252,-302.095978,60.268921,-0.042449,-0.005138,-0.547880,0.835463,-603.590149,33.073490,958.030151
100,0.416667,0.018998,0.020874,0.527788,-0.848907,-689.299927,165.794693,39.075043,0.117949,0.016305,0.711962,-0.692049,-423.508362,-305.975250,60.318913,-0.041768,-0.005288,-0.547905,0.835480,-602.670959,31.747540,957.811279
101,0.420833,0.018835,0.020388,0.527803,-0.848913,-689.287170,165.781433,39.068588,0.119310,0.015073,0.711832,-0.691978,-420.918701,-309.898376,60.348221,-0.041858,-0.004437,-0.547721,0.835602,-601.649658,30.417791,957.621704
102,0.425000,0.018733,0.019967,0.527812,-0.848920,-689.280457,165.751434,39.055557,0.121421,0.014500,0.711212,-0.692260,-418.368561,-313.820862,60.457195,-0.041621,-0.004383,-0.547568,0.835714,-600.655518,29.095703,957.545349
103,0.429167,0.018600,0.019634,0.527828,-0.848921,-689.265869,165.727188,39.053497,0.122760,0.012888,0.710850,-0.692428,-415.825470,-317.576813,60.503052,-0.041528,-0.003686,-0.547557,0.835729,-599.629517,27.765036,957.266235
104,0.433333,0.018449,0.019235,0.527885,-0.848898,-689.245728,165.701675,39.045181,0.124317,0.011433,0.710361,-0.692677,-413.378418,-321.277130,60.588146,-0.041432,-0.003176,-0.547503,0.835771,-598.597412,26.386921,957.109131
105,0.437500,0.018350,0.018954,0.527940,-0.848872,-689.234741,165.681717,39.044144,0.127200,0.010767,0.709683,-0.692860,-411.008575,-324.940552,60.565353,-0.041204,-0.002477,-0.547514,0.835777,-597.590820,24.952463,956.990112
106,0.441667,0.018205,0.018516,0.527951,-0.848878,-689.221741,165.664047,39.037388,0.126752,0.010009,0.709294,-0.693351,-408.624542,-328.450073,60.713917,-0.041220,-0.001606,-0.547342,0.835892,-596.476990,23.516380,956.796936
107,0.445833,0.018096,0.018468,0.527968,-0.848871,-689.311218,165.654724,39.030293,0.118049,0.005562,0.709298,-0.694932,-406.298340,-331.346252,61.103756,-0.041443,-0.000937,-0.547250,0.835942,-595.393127,22.030449,956.566956
108,0.450000,0.018028,0.018129,0.527840,-0.848959,-689.394836,165.671417,39.010128,0.124677,0.008014,0.707480,-0.695603,-403.982727,-335.005096,60.780834,-0.040918,-0.000405,-0.547217,0.835990,-594.327087,20.586163,956.427063
109,0.454167,0.017980,0.017736,0.527776,-0.849008,-689.418152,165.673294,38.985214,0.125785,0.007791,0.705847,-0.697063,-401.879517,-338.162201,60.822990,-0.040918,-0.000361,-0.547173,0.836019,-593.237244,19.063269,956.190735
110,0.458333,0.017926,0.017243,0.527656,-0.849094,-689.409668,165.680710,38.966492,0.120726,0.004771,0.705056,-0.698784,-399.881592,-340.893555,61.106438,-0.040542,0.000993,-0.547140,0.836058,-592.131104,17.527779,955.934998
111,0.462500,0.017809,0.016848,0.527601,-0.849139,-689.400757,165.683044,38.950516,0.117516,0.003333,0.703131,-0.701274,-397.961548,-343.513733,61.212185,-0.040785,0.001105,-0.546920,0.836190,-590.958862,15.945137,955.814636
112,0.466667,0.017736,0.016523,0.527637,-0.849124,-689.400330,165.671265,38.939079,0.116847,0.002200,0.701002,-0.703518,-396.039490,-346.012177,61.312542,-0.040973,0.001654,-0.546915,0.836183,-589.843628,14.372662,955.453064
113,0.470833,0.017669,0.016398,0.527726,-0.849073,-689.386597,165.625458,38.934471,0.120966,0.004074,0.698347,-0.705451,-394.303650,-348.863434,61.293865,-0.040804,0.002314,-0.546980,0.836147,-588.666809,12.774112,955.216248
114,0.475000,0.017678,0.016221,0.527848,-0.849000,-689.381775,165.595749,38.925945,0.123014,0.004543,0.695214,-0.708184,-392.728973,-351.458069,61.335831,-0.040813,0.003339,-0.546809,0.836255,-587.497620,11.078353,955.036438
115,0.479167,0.017660,0.016028,0.527909,-0.848966,-689.385742,165.582916,38.914097,0.121730,0.004714,0.691917,-0.711625,-391.223206,-353.762512,61.398403,-0.041070,0.004107,-0.546699,0.836312,-586.270020,9.375872,954.733765
116,0.483333,0.017627,0.015867,0.527992,-0.848918,-689.375610,165.570236,38.912704,0.139530,0.012681,0.686228,-0.713766,-390.324463,-357.266663,60.687187,-0.040888,0.004400,-0.546565,0.836407,-585.038940,7.680286,954.525513
117,0.487500,0.017587,0.015688,0.528036,-0.848895,-689.370850,165.565552,38.913013,0.144786,0.014239,0.681046,-0.717642,-389.165131,-359.759796,60.645809,-0.040878,0.004899,-0.546636,0.836357,-583.812134,5.891874,954.181213
118,0.491667,0.017522,0.015510,0.528031,-0.848903,-689.358398,165.559387,38.902031,0.148708,0.015272,0.675765,-0.721800,-388.077850,-362.019684,60.532032,-0.041324,0.005687,-0.546437,0.836461,-582.485657,4.111016,953.900574
119,0.495833,0.017471,0.015165,0.528080,-0.848880,-689.359375,165.554703,38.893353,0.151316,0.016515,0.670260,-0.726349,-387.192200,-364.140808,60.272625,-0.041344,0.006564,-0.546397,0.836480,-581.197998,2.258619,953.630432
120,0.500000,0.017433,0.014900,0.528080,-0.848885,-689.344116,165.538879,38.883961,0.154135,0.017684,0.664386,-0.731109,-386.411652,-366.073090,59.978931,-0.041555,0.007203,-0.546291,0.836533,-579.824402,0.408124,953.378052
121,0.504167,0.017405,0.014556,0.528066,-0.848900,-689.341187,165.533646,38.875496,0.157170,0.018261,0.658156,-0.736067,-385.859070,-367.864227,59.741432,-0.041940,0.007938,-0.546100,0.836632,-578.440857,-1.514789,953.082336
122,0.508333,0.017324,0.014226,0.528036,-0.848926,-689.327332,165.513367,38.878937,0.159539,0.019247,0.651589,-0.741356,-385.463074,-369.521851,59.385136,-0.042441,0.009153,-0.545955,0.836689,-576.981812,-3.450064,952.863647
123,0.512500,0.017045,0.013388,0.527979,-0.848981,-689.311707,165.505920,38.833092,0.160795,0.020436,0.644869,-0.746908,-385.172577,-371.038513,58.966839,-0.042591,0.009531,-0.545827,0.836760,-575.535156,-5.355209,952.556152
124,0.516667,0.016912,0.012960,0.527927,-0.849022,-689.311035,165.496918,38.809010,0.160517,0.021167,0.638340,-0.752535,-385.090302,-372.472900,58.667835,-0.043034,0.010777,-0.545813,0.836732,-574.059143,-7.325105,952.297974
125,0.520833,0.016881,0.012660,0.527927,-0.849028,-689.313416,165.480637,38.806389,0.159468,0.021721,0.632102,-0.757988,-385.275024,-373.814056,58.330849,-0.043212,0.011214,-0.545584,0.836866,-572.543701,-9.372700,951.973328
126,0.525000,0.016873,0.012412,0.527936,-0.849026,-689.302734,165.458023,38.810345,0.158340,0.022304,0.626285,-0.763019,-385.612427,-375.112823,57.957203,-0.043573,0.011813,-0.545428,0.836941,-570.994385,-11.447486,951.641113
127,0.529167,0.016792,0.011889,0.527986,-0.849004,-689.285278,165.465866,38.824318,0.157503,0.022888,0.620713,-0.767714,-386.106079,-376.345947,57.498211,-0.043507,0.012359,-0.545090,0.837157,-569.439819,-13.613101,951.372314
128,0.533333,0.016799,0.011578,0.527955,-0.849027,-689.281494,165.458603,38.830654,0.155448,0.022317,0.615411,-0.772403,-386.732422,-377.436646,56.959789,-0.043827,0.012394,-0.544630,0.837439,-567.849487,-15.804785,951.022644
129,0.537500,0.016771,0.011259,0.527915,-0.849057,-689.268127,165.435944,38.840347,0.152993,0.021303,0.610724,-0.776631,-387.492493,-378.444214,56.365120,-0.044051,0.012598,-0.544155,0.837732,-566.216736,-18.061298,950.697205
130,0.541667,0.016775,0.010894,0.527852,-0.849101,-689.244751,165.423965,38.847618,0.149634,0.019024,0.606765,-0.780439,-388.346954,-379.399628,55.729782,-0.044361,0.013198,-0.543942,0.837846,-564.599731,-20.221287,950.296753
131,0.545833,0.016684,0.010352,0.527629,-0.849248,-689.245972,165.426285,38.849850,0.145896,0.016181,0.604229,-0.783173,-389.236328,-380.382355,55.142120,-0.044528,0.013186,-0.543397,0.838191,-562.932922,-22.489515,949.970886
132,0.550000,0.016694,0.009912,0.527484,-0.849343,-689.236694,165.404251,38.859077,0.141338,0.012771,0.602765,-0.785197,-390.215668,-381.489441,54.527000,-0.044844,0.013467,-0.542971,0.838445,-561.234192,-24.745094,949.657288
133,0.554167,0.016727,0.009483,0.527390,-0.849406,-689.226807,165.387497,38.860527,0.136225,0.009232,0.602469,-0.786377,-391.153564,-382.709747,53.878296,-0.044582,0.012855,-0.542338,0.838878,-559.608521,-27.064402,949.287170
134,0.558333,0.016795,0.008990,0.527248,-0.849498,-689.212402,165.377640,38.866371,0.130126,0.005596,0.603482,-0.786667,-391.973450,-384.078003,53.341190,-0.044886,0.012915,-0.541682,0.839285,-557.906860,-29.448463,948.943115
135,0.562500,0.016825,0.008718,0.527001,-0.849654,-689.205750,165.371933,38.891037,0.123476,0.001841,0.605084,-0.786526,-392.756500,-385.391205,52.781418,-0.044940,0.012802,-0.540993,0.839728,-556.180542,-31.748795,948.640198
136,0.566667,0.016937,0.008355,0.526835,-0.849758,-689.191772,165.349930,38.926441,0.116208,-0.002190,0.607139,-0.786049,-393.333679,-386.585449,52.215363,-0.045013,0.012417,-0.540249,0.840209,-554.537170,-34.183056,948.312744
137,0.570833,0.016995,0.007711,0.526680,-0.849859,-689.147705,165.333679,38.941101,0.110358,-0.005294,0.608795,-0.785596,-393.874634,-387.737793,51.569759,-0.044914,0.011926,-0.539678,0.840588,-552.855591,-36.581421,947.966675
138,0.575000,0.017074,0.007003,0.526512,-0.849968,-689.100647,165.303696,38.962429,0.104720,-0.007594,0.610435,-0.785076,-394.251740,-388.838806,50.952198,-0.044565,0.012121,-0.539170,0.840930,-551.145935,-38.899395,947.539062
139,0.579167,0.017325,0.007054,0.526249,-0.850125,-689.043091,165.299606,39.036484,0.098821,-0.009276,0.612123,-0.784508,-394.367371,-389.951904,50.479450,-0.044409,0.012647,-0.538322,0.841474,-549.452759,-41.376217,947.247314
140,0.583333,0.017519,0.006636,0.526089,-0.850223,-689.004944,165.277344,39.054802,0.093888,-0.011369,0.612902,-0.784478,-394.437195,-390.833893,49.839775,-0.044134,0.012550,-0.537520,0.842002,-547.713074,-43.822433,946.861267
141,0.587500,0.017590,0.005969,0.525893,-0.850348,-688.954712,165.255035,39.053799,0.089627,-0.012890,0.613293,-0.784648,-394.267731,-391.637268,49.170059,-0.043843,0.011909,-0.536469,0.842696,-546.035950,-46.407253,946.431396
142,0.591667,0.017636,0.005092,0.525687,-0.850480,-688.898865,165.233856,39.058006,0.086316,-0.013814,0.612973,-0.785253,-394.025085,-392.295624,48.354828,-0.043394,0.011132,-0.535649,0.843252,-544.424622,-48.954212,945.965576
143,0.595833,0.017861,0.004572,0.525480,-0.850606,-688.853088,165.216263,39.085075,0.082418,-0.013986,0.613412,-0.785326,-393.648407,-393.032776,47.610462,-0.043227,0.010345,-0.534599,0.843936,-542.716675,-51.487564,945.475830
144,0.600000,0.018033,0.003596,0.525225,-0.850765,-688.797363,165.196472,39.099876,0.078494,-0.012006,0.613868,-0.785405,-393.115601,-393.767181,47.137512,-0.042789,0.009856,-0.533371,0.844741,-541.096375,-54.145256,945.031067
145,0.604167,0.018308,0.002661,0.525010,-0.850895,-688.742615,165.181824,39.142658,0.074445,-0.011485,0.614426,-0.785370,-392.767914,-394.424835,46.425724,-0.042526,0.008625,-0.532204,0.845503,-539.425842,-56.767998,944.504822
146,0.608333,0.018760,0.001756,0.524786,-0.851026,-688.694153,165.175888,39.197052,0.070502,-0.010570,0.615426,-0.784964,-392.513702,-395.159454,45.777073,-0.042069,0.007142,-0.531128,0.846216,-537.811401,-59.412754,943.964600
147,0.612500,0.019149,0.000716,0.524498,-0.851196,-688.635437,165.162964,39.267681,0.066444,-0.011225,0.616212,-0.784692,-392.430908,-395.744080,45.041828,-0.041308,0.005986,-0.529872,0.847050,-536.153076,-62.127617,943.430481
148,0.616667,0.019493,-0.000852,0.524146,-0.851405,-688.557007,165.142654,39.329002,0.062707,-0.011626,0.616384,-0.784859,-392.355194,-396.306061,44.322880,-0.041078,0.004869,-0.528779,0.847751,-534.458130,-64.824203,942.843506
149,0.620833,0.019669,-0.002876,0.523658,-0.851697,-688.486816,165.128296,39.348186,0.060737,-0.009884,0.616045,-0.785304,-392.316040,-396.842133,43.766144,-0.040333,0.003919,-0.527625,0.848511,-532.864441,-67.633789,942.351013
150,0.625000,0.019972,-0.004486,0.522986,-0.852096,-688.372559,165.151657,39.431709,0.058736,-0.008832,0.615237,-0.786102,-392.371765,-397.218811,43.096649,-0.039747,0.002725,-0.526541,0.849216,-531.236511,-70.426872,941.703125
151,0.629167,0.020207,-0.005986,0.522564,-0.852340,-688.238708,165.132523,39.487869,0.057013,-0.006713,0.614267,-0.787008,-392.498199,-397.577759,42.514351,-0.039164,0.002854,-0.525329,0.849993,-529.519104,-73.260124,941.305481
152,0.633333,0.020436,-0.007934,0.522227,-0.852525,-688.056763,165.086960,39.565842,0.054936,-0.004312,0.613489,-0.787779,-392.701080,-397.919067,41.938065,-0.036714,-0.002408,-0.524956,0.850334,-528.486328,-76.010345,939.959595
153,0.637500,0.020910,-0.010307,0.521669,-0.852830,-687.871948,165.044312,39.663342,0.052574,-0.002976,0.612928,-0.788382,-392.936493,-398.255768,41.309399,-0.035363,-0.002866,-0.524018,0.850968,-526.898743,-78.922791,939.370178
154,0.641667,0.021375,-0.011818,0.521168,-0.853105,-687.712341,164.988937,39.829613,0.051112,-0.001804,0.612429,-0.788870,-393.053589,-398.604309,40.689781,-0.034892,-0.002913,-0.522779,0.851749,-525.193604,-81.879730,938.838989
155,0.645833,0.021658,-0.014232,0.520571,-0.853425,-687.560669,164.956924,39.984623,0.049342,0.000303,0.611953,-0.789353,-393.124207,-398.827942,40.156662,-0.033749,-0.003099,-0.521888,0.852340,-523.615906,-84.800064,938.275208
156,0.650000,0.021828,-0.017385,0.519892,-0.853776,-687.408936,164.941422,40.152534,0.045675,0.001754,0.611881,-0.789628,-393.159851,-399.002838,39.509270,-0.033251,-0.002822,-0.520759,0.853051,-521.920532,-87.704651,937.890564
157,0.654167,0.022218,-0.020045,0.519073,-0.854206,-687.262573,164.930313,40.270367,0.044365,0.003297,0.611416,-0.790058,-393.205933,-399.166443,38.941906,-0.033586,-0.003931,-0.519781,0.853630,-520.334167,-90.659622,937.250244
158,0.658333,0.022667,-0.022368,0.518206,-0.854663,-687.116272,164.886627,40.377010,0.042981,0.004921,0.611089,-0.790379,-393.239105,-399.342041,38.420780,-0.033715,-0.004775,-0.518726,0.854262,-518.792969,-93.622513,936.669006
159,0.662500,0.023274,-0.024904,0.517234,-0.855165,-686.956543,164.835190,40.537613,0.041303,0.006601,0.610947,-0.790566,-393.263153,-399.513306,37.931866,-0.034633,-0.006567,-0.517495,0.854960,-517.212036,-96.553268,936.053955
160,0.666667,0.023524,-0.027744,0.516432,-0.855556,-686.752075,164.759537,40.772259,0.039610,0.008405,0.610888,-0.790681,-393.307648,-399.652100,37.480309,-0.034883,-0.009805,-0.516792,0.855344,-515.691956,-99.455467,934.901489
161,0.670833,0.023944,-0.030230,0.515548,-0.855993,-686.536865,164.668976,41.054604,0.038027,0.010366,0.610843,-0.790770,-393.387939,-399.733795,37.010479,-0.036437,-0.012352,-0.515604,0.855963,-513.923157,-102.314987,934.194397
162,0.675000,0.024509,-0.033035,0.514572,-0.856460,-686.326721,164.567322,41.337887,0.036565,0.012351,0.610927,-0.790746,-393.506073,-399.757782,36.568924,-0.037823,-0.014445,-0.514026,0.856818,-512.671143,-105.477470,933.587952
163,0.679167,0.025127,-0.035598,0.513546,-0.856955,-686.099487,164.421692,41.663750,0.035716,0.014319,0.610951,-0.790733,-393.642029,-399.767365,36.202370,-0.041135,-0.020244,-0.512874,0.857239,-511.323883,-108.599396,933.176758
164,0.683333,0.026278,-0.037175,0.512199,-0.857660,-685.863098,164.250580,41.993614,0.036988,0.016593,0.610708,-0.790818,-393.746918,-399.777435,36.021980,-0.041368,-0.020061,-0.511479,0.858065,-509.817169,-111.535912,932.734985
165,0.687500,0.027418,-0.038852,0.510734,-0.858423,-685.633301,164.069443,42.325005,0.037501,0.018386,0.610452,-0.790951,-393.844269,-399.801086,35.809685,-0.039755,-0.018609,-0.511670,0.858060,-507.801361,-114.012840,932.708557
166,0.691667,0.028936,-0.040175,0.509286,-0.859172,-685.388916,163.864792,42.692207,0.036825,0.020039,0.610384,-0.790996,-394.001465,-399.907288,35.530804,-0.040568,-0.020271,-0.510670,0.858580,-506.598175,-117.013901,932.671326
167,0.695833,0.030060,-0.042241,0.507594,-0.860035,-685.043518,163.607742,43.091084,0.036981,0.021406,0.610077,-0.791189,-394.068878,-399.982178,35.309868,-0.041963,-0.020375,-0.509477,0.859219,-505.242706,-120.039375,932.207397
168,0.700000,0.031343,-0.044007,0.505663,-0.861038,-684.723328,163.289352,43.510986,0.037488,0.022418,0.609573,-0.791526,-394.094757,-400.124390,35.164932,-0.042617,-0.021432,-0.508140,0.859952,-503.838898,-123.059113,931.956970
169,0.704167,0.033589,-0.045051,0.503082,-0.862410,-684.386719,163.085114,43.895809,0.036917,0.022319,0.609157,-0.791876,-394.038422,-400.333099,35.056656,-0.043105,-0.021847,-0.507080,0.860543,-502.355042,-126.017464,931.794922
170,0.708333,0.035430,-0.046654,0.500092,-0.863989,-683.978394,162.905365,44.244080,0.035942,0.021978,0.608659,-0.792312,-393.985199,-400.517609,34.988125,-0.043423,-0.022264,-0.505960,0.861175,-500.917847,-128.988953,931.659485
171,0.712500,0.037111,-0.047501,0.496685,-0.865835,-683.505066,162.703506,44.738213,0.034897,0.021668,0.608291,-0.792651,-393.996796,-400.683319,34.938992,-0.043298,-0.023148,-0.504921,0.861768,-499.426971,-131.839203,931.538147
172,0.716667,0.038954,-0.048653,0.493276,-0.867637,-682.937256,162.487595,45.121910,0.034132,0.021205,0.607992,-0.792926,-394.019287,-400.764404,34.942780,-0.042400,-0.021779,-0.504115,0.862320,-497.989349,-134.659149,931.735352
173,0.720833,0.041420,-0.048621,0.489850,-0.869464,-682.358948,162.172348,45.400230,0.033513,0.020746,0.607792,-0.793118,-394.046326,-400.795776,34.958569,-0.035927,-0.018461,-0.503227,0.863210,-496.649292,-137.621109,931.983276
174,0.725000,0.043726,-0.047624,0.486222,-0.871440,-681.705566,161.808884,45.772560,0.033100,0.020379,0.607686,-0.793226,-394.063049,-400.827332,34.967926,-0.041572,-0.021988,-0.501198,0.864054,-495.219025,-140.603394,932.206482
175,0.729167,0.046169,-0.046666,0.482261,-0.873564,-681.082825,161.368942,46.243195,0.032224,0.019765,0.607669,-0.793290,-394.069031,-400.866974,34.958572,-0.042753,-0.024176,-0.499720,0.864793,-493.951996,-143.488266,932.320801
176,0.733333,0.046799,-0.050657,0.477904,-0.875700,-680.312195,160.692123,46.955498,0.031359,0.019028,0.607429,-0.793526,-394.048859,-400.956177,34.955799,-0.042082,-0.025353,-0.498346,0.865585,-492.642395,-146.224716,932.572327
177,0.737500,0.048087,-0.053171,0.473386,-0.877933,-679.577087,159.943954,47.456043,0.030633,0.018232,0.607032,-0.793878,-394.009338,-401.079529,34.976288,-0.041410,-0.026283,-0.496797,0.866480,-491.321930,-148.995941,933.070374
178,0.741667,0.050501,-0.052508,0.468435,-0.880489,-678.749878,159.130020,48.000706,0.030043,0.017456,0.606413,-0.794390,-393.959869,-401.221588,35.006058,-0.041135,-0.027083,-0.495275,0.867339,-489.969727,-151.728317,933.829773
179,0.745833,0.052299,-0.053950,0.463563,-0.882873,-677.860046,158.275696,48.471439,0.029391,0.016764,0.605800,-0.794897,-393.917511,-401.363007,35.027336,-0.032797,-0.023493,-0.495710,0.867550,-488.460419,-154.008469,934.755066
180,0.750000,0.054380,-0.054917,0.458259,-0.885452,-676.992554,157.459824,48.928600,0.027982,0.015778,0.605440,-0.795242,-393.874390,-401.424835,34.993202,-0.031986,-0.022978,-0.494599,0.868229,-487.220367,-156.617798,935.359436
181,0.754167,0.056513,-0.055315,0.452633,-0.888184,-676.074951,156.613068,49.357944,0.027435,0.015185,0.605032,-0.795583,-393.858032,-401.515686,35.015663,-0.032310,-0.024305,-0.493543,0.868781,-486.084717,-159.200165,935.740356
182,0.758333,0.058247,-0.057172,0.447225,-0.890690,-675.086731,155.733261,49.871883,0.026952,0.014625,0.604675,-0.795882,-393.826538,-401.621826,35.037498,-0.032300,-0.024437,-0.492198,0.869541,-484.952393,-161.698776,936.441345
183,0.762500,0.059759,-0.057715,0.441631,-0.893342,-674.089600,154.794830,50.301472,0.026562,0.014262,0.604224,-0.796244,-393.749146,-401.758270,35.080105,-0.031520,-0.024709,-0.491211,0.870119,-483.819733,-164.227722,937.227112
184,0.766667,0.060937,-0.058760,0.436016,-0.895949,-672.997192,153.803680,50.846252,0.025929,0.013612,0.603726,-0.796654,-393.693146,-401.879822,35.097355,-0.031133,-0.025315,-0.490076,0.870756,-482.749237,-166.684296,937.996826
185,0.770833,0.061712,-0.062288,0.430868,-0.898145,-671.832336,152.890717,51.499580,0.025543,0.013042,0.603116,-0.797138,-393.647339,-401.988861,35.099575,-0.030067,-0.023865,-0.488862,0.871516,-481.725555,-169.197906,938.675232
186,0.775000,0.061830,-0.064965,0.425914,-0.900308,-670.627197,151.873932,52.059456,0.024877,0.012411,0.602647,-0.797524,-393.624969,-402.092407,35.113667,-0.029598,-0.025777,-0.487818,0.872063,-480.726471,-171.596649,939.482422
187,0.779167,0.062044,-0.067514,0.420402,-0.902693,-669.332397,150.765732,52.710796,0.024099,0.011795,0.602357,-0.797776,-393.632904,-402.153107,35.135056,-0.029415,-0.025898,-0.486567,0.872764,-479.641418,-174.158463,940.083923
188,0.783333,0.062570,-0.069497,0.415085,-0.904964,-668.047058,149.631409,53.248127,0.023554,0.011265,0.602205,-0.797914,-393.650513,-402.179169,35.170059,-0.027571,-0.025482,-0.485555,0.873400,-478.616516,-176.615662,941.017090
189,0.787500,0.062395,-0.072294,0.409767,-0.907178,-666.747864,148.472855,53.854221,0.023091,0.010772,0.602162,-0.797967,-393.663605,-402.185944,35.202118,-0.026415,-0.025070,-0.484417,0.874079,-477.577454,-179.153488,941.765808
190,0.791667,0.062315,-0.073181,0.404524,-0.909462,-665.464905,147.241028,54.346825,0.022913,0.010518,0.602063,-0.798050,-393.650665,-402.185181,35.221859,-0.026004,-0.024764,-0.483419,0.874652,-476.555359,-181.680649,942.416138
191,0.795833,0.061750,-0.075988,0.399187,-0.911626,-664.062561,145.953812,54.854069,0.022666,0.010239,0.601936,-0.798157,-393.621704,-402.207916,35.243546,-0.024919,-0.024309,-0.482369,0.875276,-475.593231,-184.155960,943.230835
192,0.800000,0.060524,-0.080004,0.393722,-0.913739,-662.564453,144.612976,55.461494,0.022435,0.010044,0.601825,-0.798250,-393.600403,-402.230316,35.254589,-0.023633,-0.023596,-0.481423,0.875852,-474.717865,-186.600601,944.003723
193,0.804167,0.059694,-0.083236,0.388923,-0.915559,-661.183960,143.470490,56.218159,0.022066,0.009758,0.601726,-0.798338,-393.589111,-402.240356,35.265572,-0.022977,-0.022930,-0.480495,0.876396,-473.770538,-188.985336,944.634949
194,0.808333,0.058983,-0.087029,0.384512,-0.917114,-659.665039,142.125183,56.814407,0.021842,0.009581,0.601655,-0.798400,-393.595856,-402.258392,35.272602,-0.023109,-0.022018,-0.479642,0.876884,-472.930634,-191.446777,945.149658
195,0.812500,0.057676,-0.091734,0.380006,-0.918615,-658.069336,140.656326,57.295658,0.021576,0.009345,0.601613,-0.798442,-393.613892,-402.257996,35.284203,-0.021556,-0.021067,-0.478727,0.877446,-472.170593,-193.748795,945.873291
196,0.816667,0.056314,-0.095215,0.375412,-0.920233,-656.387512,139.164597,57.798698,0.021166,0.009151,0.601631,-0.798441,-393.620361,-402.272186,35.308216,-0.020484,-0.018788,-0.478074,0.877880,-471.475494,-196.048615,946.309143
197,0.820833,0.054859,-0.098433,0.371290,-0.921653,-654.708862,137.754715,58.370682,0.020847,0.008977,0.601585,-0.798486,-393.620239,-402.274902,35.325966,-0.019346,-0.017383,-0.477260,0.878377,-470.799866,-198.301498,946.884705
198,0.825000,0.054026,-0.104014,0.368224,-0.922320,-652.837646,136.271881,58.982052,0.020733,0.008944,0.601516,-0.798542,-393.607544,-402.290131,35.318493,-0.019246,-0.016688,-0.476399,0.878860,-470.112122,-200.532013,947.496948
199,0.829167,0.052205,-0.107262,0.364309,-0.923606,-650.930115,134.628113,59.515579,0.020425,0.008828,0.601478,-0.798579,-393.605591,-402.319977,35.318214,-0.018213,-0.015160,-0.475685,0.879296,-469.528656,-202.729691,948.083252
200,0.833333,0.049737,-0.109682,0.360724,-0.924865,-649.041748,132.940094,59.947281,0.020098,0.008683,0.601347,-0.798688,-393.601807,-402.344910,35.320793,-0.018762,-0.015143,-0.474998,0.879657,-468.853119,-204.827820,948.520813
201,0.837500,0.047191,-0.110947,0.357202,-0.926213,-647.091492,131.128586,60.279251,0.019792,0.008070,0.601274,-0.798757,-393.616760,-402.384491,35.261726,-0.019041,-0.013334,-0.474249,0.880084,-468.261505,-206.838562,948.680542
202,0.841667,0.044765,-0.110475,0.354542,-0.927411,-645.043701,129.166779,60.696007,0.019540,0.007665,0.601086,-0.798909,-393.618256,-402.379913,35.216141,-0.016995,-0.011869,-0.473414,0.880596,-467.695953,-208.768173,949.362610
203,0.845833,0.042555,-0.108396,0.352569,-0.928512,-642.819458,127.060295,61.135620,0.019212,0.007445,0.600884,-0.799070,-393.617371,-402.380768,35.200615,-0.015930,-0.011019,-0.472674,0.881024,-467.209595,-210.777863,949.900085
204,0.850000,0.039902,-0.106926,0.351405,-0.929241,-640.513306,124.730957,61.466896,0.018752,0.007237,0.600764,-0.799173,-393.630219,-402.417267,35.195473,-0.015760,-0.010117,-0.472115,0.881338,-466.737701,-212.761932,950.232727
205,0.854167,0.037044,-0.105176,0.351667,-0.929460,-638.084534,122.089226,61.713829,0.018327,0.007070,0.600637,-0.799281,-393.642487,-402.468170,35.188084,-0.016408,-0.009362,-0.471659,0.881579,-466.254456,-214.691376,950.324097
206,0.858333,0.033909,-0.102665,0.352920,-0.929386,-635.498352,119.318039,61.987415,0.017880,0.006977,0.600534,-0.799369,-393.650055,-402.527466,35.178940,-0.019482,-0.009576,-0.470885,0.881928,-465.569946,-216.876526,950.378845
207,0.862500,0.030442,-0.101415,0.355757,-0.928561,-632.796326,116.355865,62.223721,0.017455,0.006811,0.600390,-0.799488,-393.667633,-402.573975,35.164551,-0.018659,-0.009091,-0.470513,0.882149,-465.118011,-218.815491,950.522644
208,0.866667,0.026675,-0.100179,0.360026,-0.927164,-629.871948,113.124626,62.420380,0.016976,0.006636,0.600267,-0.799592,-393.689545,-402.612183,35.154251,-0.018273,-0.007725,-0.470077,0.882402,-464.709351,-220.818863,950.609009
209,0.870833,0.023026,-0.098691,0.365724,-0.925189,-626.769897,109.578827,62.518143,0.016486,0.006435,0.600195,-0.799658,-393.717010,-402.635620,35.146286,-0.018567,-0.008175,-0.469747,0.882568,-464.296295,-222.678009,950.761658
210,0.875000,0.019666,-0.096071,0.371879,-0.923087,-623.527283,105.942398,62.663368,0.016109,0.006248,0.600146,-0.799704,-393.742004,-402.665070,35.131680,-0.019181,-0.008206,-0.469344,0.882769,-463.877899,-224.533554,950.858704
211,0.879167,0.016167,-0.094285,0.378186,-0.920774,-620.150146,102.038437,62.601810,0.015726,0.006079,0.600054,-0.799782,-393.751984,-402.695251,35.129086,-0.018899,-0.008276,-0.469087,0.882911,-463.465118,-226.380127,950.998535
212,0.883333,0.013832,-0.090968,0.384781,-0.918410,-616.826721,98.085167,62.626488,0.015428,0.005989,0.599978,-0.799845,-393.771454,-402.733185,35.111855,-0.019821,-0.005757,-0.468891,0.883015,-463.128540,-227.932114,950.951111
213,0.887500,0.011249,-0.088029,0.391342,-0.915956,-613.476196,93.949837,62.451084,0.015122,0.005886,0.599849,-0.799949,-393.785706,-402.772156,35.105709,-0.019683,-0.005867,-0.468979,0.882970,-462.796875,-229.665298,951.076477
214,0.891667,0.007767,-0.083289,0.397047,-0.913978,-610.043213,89.596001,61.972446,0.014740,0.005708,0.599748,-0.800033,-393.807587,-402.813324,35.101814,-0.020176,-0.006400,-0.468873,0.883012,-462.395081,-231.403336,951.215332
215,0.895833,0.005451,-0.078085,0.403026,-0.911835,-606.738159,85.117767,61.647427,0.014419,0.005507,0.599676,-0.800094,-393.837006,-402.847870,35.091827,-0.020543,-0.005742,-0.469001,0.882940,-462.090637,-233.175690,951.162476
216,0.900000,0.004562,-0.071572,0.409381,-0.909540,-603.654053,80.824394,61.437401,0.014067,0.005342,0.599647,-0.800123,-393.867645,-402.887024,35.104031,-0.020873,-0.005895,-0.468854,0.883009,-461.859955,-234.898712,951.087341
217,0.904167,0.003375,-0.067190,0.416069,-0.906841,-600.468750,76.370972,61.098194,0.013687,0.005194,0.599590,-0.800173,-393.894318,-402.937805,35.106167,-0.021265,-0.005357,-0.468882,0.882989,-461.524353,-236.569794,951.127014
218,0.908333,0.002114,-0.064125,0.422205,-0.904227,-597.178894,71.870667,60.800110,0.013325,0.005024,0.599458,-0.800280,-393.919464,-402.981689,35.111015,-0.021476,-0.004704,-0.468920,0.882967,-461.233185,-238.262238,951.195129
219,0.912500,0.001487,-0.060843,0.428338,-0.901567,-594.056458,67.382042,60.488575,0.012882,0.004661,0.599282,-0.800421,-393.934784,-403.028076,35.107433,-0.021681,-0.004119,-0.468972,0.882937,-460.945648,-239.906433,951.231506
220,0.916667,0.001904,-0.055900,0.434186,-0.899085,-591.035461,62.807701,60.101654,0.012526,0.004470,0.599163,-0.800517,-393.968140,-403.080505,35.116650,-0.021570,-0.002995,-0.469159,0.882845,-460.670868,-241.517212,951.282471
221,0.920833,0.003039,-0.050353,0.439654,-0.896750,-587.924866,58.013023,59.705334,0.012079,0.004467,0.599212,-0.800487,-394.012817,-403.127899,35.157959,-0.021640,-0.002415,-0.469305,0.882768,-460.380188,-243.128983,951.441833
222,0.925000,0.003294,-0.046031,0.444484,-0.894597,-584.979248,53.236923,59.314751,0.011685,0.004474,0.599367,-0.800376,-394.062714,-403.195068,35.206661,-0.021670,-0.001548,-0.469493,0.882669,-460.074127,-244.674057,951.573547
223,0.929167,0.003018,-0.042490,0.449188,-0.892421,-582.202698,48.537224,58.951725,0.011369,0.004619,0.599387,-0.800365,-394.085052,-403.279633,35.271038,-0.022012,-0.001369,-0.469337,0.882744,-459.824463,-246.155792,951.695435
224,0.933333,0.002486,-0.039680,0.453320,-0.890461,-579.539917,43.805935,58.584301,0.010932,0.004342,0.599343,-0.800406,-394.117554,-403.330933,35.292934,-0.021523,-0.000703,-0.469472,0.882684,-459.533264,-247.631119,951.919373
225,0.937500,0.002181,-0.036261,0.457140,-0.888652,-576.968994,39.083401,58.243805,0.010408,0.003955,0.599261,-0.800476,-394.126343,-403.377014,35.319145,-0.021353,-0.000179,-0.469497,0.882676,-459.249115,-249.041229,952.115906
226,0.941667,0.002075,-0.033131,0.461102,-0.886726,-574.521423,34.368443,57.877846,0.009938,0.003648,0.599176,-0.800547,-394.142761,-403.420624,35.334278,-0.021361,-0.000151,-0.469481,0.882684,-458.999023,-250.464325,952.314819
227,0.945833,0.001704,-0.029507,0.464113,-0.885283,-572.054443,29.542746,57.538300,0.009424,0.003264,0.599128,-0.800591,-394.161011,-403.452087,35.363998,-0.021032,0.000601,-0.469674,0.882589,-458.682617,-251.869583,952.573059
228,0.950000,0.001360,-0.027314,0.467093,-0.883785,-569.712463,24.731905,57.218800,0.008956,0.002960,0.599122,-0.800602,-394.183075,-403.481842,35.398140,-0.020906,0.001327,-0.469804,0.882522,-458.413879,-253.193466,952.748291
229,0.954167,0.001084,-0.024876,0.469691,-0.882480,-567.471436,19.911959,56.973106,0.008507,0.002677,0.599092,-0.800631,-394.198639,-403.503326,35.434887,-0.020828,0.001592,-0.469893,0.882476,-458.171570,-254.513977,952.964783
230,0.958333,0.000952,-0.022291,0.472420,-0.881091,-565.205566,15.111271,56.708351,0.007980,0.002346,0.599044,-0.800673,-394.211273,-403.539154,35.461266,-0.020627,0.001945,-0.469949,0.882451,-457.945953,-255.810852,953.212341
231,0.962500,0.000644,-0.019706,0.474881,-0.879829,-563.084045,10.348621,56.452679,0.007524,0.002035,0.598985,-0.800722,-394.225311,-403.577026,35.494209,-0.020733,0.002534,-0.470013,0.882413,-457.669189,-257.069702,953.463989
232,0.966667,0.000506,-0.018052,0.476952,-0.878744,-560.940674,5.492430,56.116043,0.007085,0.001654,0.598912,-0.800782,-394.238098,-403.612976,35.520245,-0.020728,0.002844,-0.470034,0.882400,-457.408813,-258.339264,953.760559
233,0.970833,0.000372,-0.015763,0.478745,-0.877812,-558.964172,0.657689,55.892178,0.006613,0.001262,0.598881,-0.800810,-394.245972,-403.652679,35.545280,-0.020288,0.003202,-0.470307,0.882264,-457.165131,-259.590057,954.021240
234,0.975000,0.000613,-0.014526,0.480398,-0.876930,-556.997925,-4.191375,55.637653,0.006062,0.000831,0.598913,-0.800791,-394.240814,-403.691772,35.586994,-0.020360,0.003633,-0.470377,0.882223,-456.972839,-260.820282,954.179321
235,0.979167,0.000608,-0.012593,0.481914,-0.876128,-555.080261,-9.057432,55.380241,0.005611,0.000431,0.598909,-0.800798,-394.253601,-403.720703,35.617046,-0.020813,0.003846,-0.470369,0.882216,-456.760101,-262.008240,954.380859
236,0.983333,0.001236,-0.010773,0.483234,-0.875424,-553.214172,-13.860930,55.086147,0.005118,0.000056,0.598879,-0.800824,-394.272400,-403.748413,35.647060,-0.020048,0.003714,-0.470473,0.882179,-456.547760,-263.171051,954.738586
237,0.987500,0.001639,-0.009129,0.484307,-0.874849,-551.420898,-18.678720,54.836937,0.004629,-0.000337,0.598818,-0.800872,-394.285675,-403.780212,35.674034,-0.019810,0.003708,-0.470623,0.882104,-456.268829,-264.331757,955.054443
238,0.991667,0.001902,-0.006567,0.485432,-0.874248,-549.668457,-23.534006,54.576378,0.004319,-0.000576,0.598761,-0.800916,-394.288879,-403.824036,35.689407,-0.019151,0.004592,-0.471060,0.881881,-456.350800,-265.275665,955.442383
239,0.995833,0.002573,-0.004838,0.486392,-0.873724,-547.934509,-28.423162,54.306118,0.003952,-0.000977,0.598751,-0.800925,-394.297913,-403.851685,35.702473,-0.018120,0.004940,-0.471425,0.881706,-456.205597,-266.365479,955.693359
240,1.000000,0.002936,-0.002619,0.487162,-0.873303,-546.242249,-33.304329,54.083809,0.003560,-0.001317,0.598773,-0.800910,-394.304657,-403.887024,35.722740,-0.018003,0.005102,-0.471593,0.881618,-456.058685,-267.468384,955.842102
241,1.004167,0.003256,-0.001018,0.487624,-0.873047,-544.548401,-38.155651,53.889687,0.003296,-0.001494,0.598713,-0.800955,-394.325745,-403.948608,35.729855,-0.017655,0.005462,-0.471930,0.881442,-455.881897,-268.535980,956.015259
242,1.008333,0.003922,0.000343,0.488405,-0.872608,-542.897705,-43.051292,53.659836,0.002926,-0.001772,0.598610,-0.801034,-394.358734,-403.999298,35.751343,-0.016892,0.005613,-0.472277,0.881270,-455.718140,-269.631165,956.275940
243,1.012500,0.004239,0.002114,0.489029,-0.872255,-541.259216,-47.955307,53.424232,0.002869,-0.001804,0.598521,-0.801100,-394.395264,-404.090729,35.750637,-0.016085,0.005859,-0.472756,0.881027,-455.490936,-270.707825,956.508118
244,1.016667,0.004839,0.004549,0.489710,-0.871860,-539.669128,-52.854252,53.271038,0.003052,-0.001585,0.598395,-0.801194,-394.443939,-404.196930,35.720898,-0.015880,0.006125,-0.473167,0.880808,-455.264343,-271.788269,956.717529
245,1.020833,0.005120,0.005713,0.490177,-0.871589,-538.073303,-57.748871,53.030823,0.003161,-0.001359,0.598268,-0.801289,-394.475830,-404.273712,35.690628,-0.015464,0.006468,-0.473672,0.880542,-455.064667,-272.839447,956.864014
246,1.025000,0.005590,0.007205,0.490840,-0.871202,-536.547607,-62.582939,52.873375,0.004155,-0.000384,0.598056,-0.801443,-394.542084,-404.371368,35.568047,-0.014940,0.006662,-0.474171,0.880280,-454.884796,-273.874115,957.002930
247,1.029167,0.006062,0.009558,0.491908,-0.870574,-534.988098,-67.462547,52.727085,0.003987,-0.000343,0.597973,-0.801507,-394.564270,-404.387085,35.551525,-0.019953,0.004761,-0.473474,0.880569,-454.454071,-275.885162,956.977844
248,1.033333,0.006816,0.011367,0.492777,-0.870055,-533.467957,-72.320534,52.551521,0.003803,-0.000402,0.597906,-0.801557,-394.590088,-404.406006,35.541599,-0.019848,0.004704,-0.473996,0.880291,-454.264130,-276.923767,957.062134
249,1.037500,0.007610,0.012997,0.494262,-0.869183,-531.922485,-77.182320,52.378990,0.003830,-0.000259,0.597837,-0.801609,-394.613770,-404.410706,35.510944,-0.018862,0.004993,-0.474591,0.879990,-454.023926,-277.875183,957.290894
250,1.041667,0.008337,0.014824,0.495645,-0.868359,-530.424988,-82.044205,52.201302,0.003994,-0.000649,0.597609,-0.801777,-394.621826,-404.445679,35.548378,-0.018276,0.005282,-0.474959,0.879802,-453.711151,-278.810730,957.606262
251,1.045833,0.009405,0.016842,0.497090,-0.867484,-528.959229,-86.843628,52.025543,0.004011,-0.000813,0.597498,-0.801860,-394.637848,-404.474762,35.564945,-0.017708,0.005614,-0.475493,0.879523,-453.507812,-279.731140,957.739441
252,1.050000,0.010266,0.018340,0.498903,-0.866403,-527.522278,-91.629333,51.841343,0.003335,-0.001824,0.597738,-0.801682,-394.543274,-404.478363,35.651237,-0.017634,0.006156,-0.476073,0.879207,-453.365540,-280.670715,957.780945
253,1.054167,0.011297,0.020122,0.500892,-0.865202,-526.051392,-96.364388,51.659561,0.003089,-0.002357,0.598004,-0.801484,-394.459412,-404.515411,35.667297,-0.018258,0.006330,-0.476226,0.879111,-453.097900,-281.630707,957.903198
254,1.058333,0.012679,0.022000,0.502998,-0.863915,-524.604797,-101.091133,51.474236,0.003032,-0.002464,0.598113,-0.801402,-394.429962,-404.515442,35.686897,-0.017417,0.006611,-0.476788,0.878821,-452.849976,-282.456543,958.042603
255,1.062500,0.013511,0.023450,0.505535,-0.862381,-523.191833,-105.889496,51.224152,0.002820,-0.002669,0.598137,-0.801385,-394.434937,-404.540497,35.700611,-0.016673,0.006869,-0.477472,0.878462,-452.659821,-283.320679,958.085510
256,1.066667,0.014826,0.024778,0.507892,-0.860937,-521.834167,-110.497551,50.975449,0.002410,-0.002961,0.598124,-0.801394,-394.449860,-404.583008,35.737434,-0.016541,0.006939,-0.477871,0.878247,-452.411316,-284.187958,958.133911
257,1.070833,0.015949,0.026572,0.510294,-0.859442,-520.515991,-115.109268,50.796970,0.002033,-0.003248,0.598073,-0.801433,-394.474548,-404.617096,35.757851,-0.016102,0.007136,-0.478468,0.877928,-452.191559,-285.059601,958.121155
258,1.075000,0.016920,0.027306,0.513020,-0.857775,-519.236206,-119.586151,50.581108,0.001876,-0.003397,0.598073,-0.801432,-394.489746,-404.655334,35.769821,-0.016130,0.007215,-0.478725,0.877787,-451.903961,-285.915985,958.218201
259,1.079167,0.017997,0.028484,0.515809,-0.856041,-517.938110,-124.065788,50.396793,0.001649,-0.003540,0.598095,-0.801416,-394.494965,-404.676392,35.775455,-0.015921,0.007439,-0.479132,0.877567,-451.632477,-286.744263,958.278137
260,1.083333,0.019338,0.030921,0.517827,-0.854708,-516.686646,-128.528427,50.129421,0.001444,-0.003700,0.598127,-0.801391,-394.503998,-404.696075,35.777874,-0.015538,0.007764,-0.479687,0.877268,-451.407593,-287.544617,958.302002
261,1.087500,0.020541,0.032499,0.520571,-0.852953,-515.431824,-132.871887,49.918468,0.001245,-0.003838,0.598149,-0.801374,-394.500092,-404.721863,35.784172,-0.015361,0.007725,-0.480204,0.876988,-451.190338,-288.344971,958.269714
262,1.091667,0.022011,0.034419,0.522850,-0.851445,-514.260071,-137.122803,49.698471,0.001091,-0.004011,0.598169,-0.801359,-394.499939,-404.735931,35.802315,-0.015041,0.007613,-0.480615,0.876770,-450.902069,-289.100494,958.298584
263,1.095833,0.023391,0.036167,0.525000,-0.850012,-513.085693,-141.297714,49.511028,0.000845,-0.004205,0.598171,-0.801357,-394.500763,-404.753082,35.813732,-0.015140,0.007610,-0.481003,0.876556,-450.590302,-289.878723,958.316956
264,1.100000,0.024419,0.037841,0.526979,-0.848684,-511.957825,-145.383224,49.293880,0.000730,-0.004294,0.598129,-0.801388,-394.516083,-404.759125,35.810257,-0.015274,0.007324,-0.481283,0.876401,-450.241180,-290.689392,958.318115
265,1.104167,0.025641,0.038962,0.528747,-0.847497,-510.910919,-149.397247,49.040829,0.000502,-0.004513,0.598146,-0.801374,-394.521606,-404.793213,35.816864,-0.015505,0.007275,-0.481766,0.876133,-449.948212,-291.466736,958.234802
266,1.108333,0.027342,0.040564,0.530490,-0.846278,-509.942047,-153.326294,48.821056,0.000194,-0.004750,0.598143,-0.801375,-394.537537,-404.824707,35.822430,-0.015532,0.007164,-0.482246,0.875869,-449.612671,-292.255829,958.244202
267,1.112500,0.029134,0.042419,0.532501,-0.844864,-508.951172,-157.202240,48.466255,-0.000044,-0.004923,0.598162,-0.801360,-394.540253,-404.868530,35.825375,-0.015536,0.007189,-0.482653,0.875644,-449.182281,-293.040131,958.353699
268,1.116667,0.029922,0.042900,0.534424,-0.843597,-507.958649,-160.903137,48.229523,-0.000257,-0.005153,0.598164,-0.801357,-394.538269,-404.889832,35.830074,-0.015336,0.007012,-0.483201,0.875347,-448.912262,-293.730408,958.257690
269,1.120833,0.032289,0.045259,0.536999,-0.841749,-506.932373,-164.619705,47.951061,-0.000431,-0.005332,0.598137,-0.801376,-394.540314,-404.899353,35.840393,-0.015500,0.006667,-0.483538,0.875161,-448.551666,-294.426575,958.200989
270,1.125000,0.033455,0.046140,0.538078,-0.840966,-506.090393,-168.113419,47.580746,-0.000553,-0.005537,0.598042,-0.801446,-394.545258,-404.904205,35.843502,-0.015601,0.006580,-0.484133,0.874830,-448.206879,-295.170746,958.141174
271,1.129167,0.035252,0.048639,0.539343,-0.839941,-505.241760,-171.612473,47.137085,-0.000637,-0.005654,0.598009,-0.801469,-394.547791,-404.921600,35.840187,-0.015456,0.006391,-0.484737,0.874500,-447.837158,-295.850403,958.084839
272,1.133333,0.035941,0.048429,0.540539,-0.839154,-504.528748,-174.889084,46.786564,-0.000848,-0.005827,0.598013,-0.801465,-394.540283,-404.943085,35.843719,-0.015526,0.005915,-0.484976,0.874370,-447.389008,-296.494873,958.069885
273,1.137500,0.037008,0.048457,0.541484,-0.838497,-503.776611,-178.101257,46.352077,-0.000941,-0.005952,0.598011,-0.801465,-394.534424,-404.970184,35.831924,-0.015300,0.005670,-0.485441,0.874117,-447.001129,-297.132721,958.053223
274,1.141667,0.037833,0.048038,0.542251,-0.837989,-503.084167,-181.151917,45.956432,-0.001153,-0.006145,0.598060,-0.801427,-394.523743,-405.001404,35.830364,-0.015465,0.005274,-0.485872,0.873877,-446.588654,-297.822083,958.013123
275,1.145833,0.038027,0.046575,0.542849,-0.837675,-502.418274,-184.037323,45.631142,-0.001323,-0.006339,0.598060,-0.801426,-394.513763,-405.023712,35.832924,-0.015727,0.004824,-0.486195,0.873695,-446.152893,-298.478882,957.968201
276,1.150000,0.038825,0.045598,0.543013,-0.837586,-501.893463,-186.801666,45.247086,-0.001458,-0.006521,0.598039,-0.801439,-394.512360,-405.031250,35.836079,-0.015617,0.004681,-0.486737,0.873396,-445.754578,-299.126251,957.881409
277,1.154167,0.039545,0.044976,0.542760,-0.837750,-501.360840,-189.396500,44.808990,-0.001427,-0.006556,0.598017,-0.801455,-394.510040,-405.037292,35.827312,-0.015491,0.004604,-0.487196,0.873143,-445.339783,-299.732239,957.826111
278,1.158333,0.039588,0.043016,0.542399,-0.838084,-500.893951,-191.778641,44.410118,-0.001491,-0.006582,0.598015,-0.801457,-394.503998,-405.049591,35.822910,-0.015361,0.004214,-0.487545,0.872953,-444.875916,-300.317566,957.808960
279,1.162500,0.039872,0.041187,0.541447,-0.838778,-500.494904,-193.911118,43.994072,-0.001561,-0.006691,0.598033,-0.801442,-394.494843,-405.055359,35.813656,-0.014601,0.004494,-0.488136,0.872634,-444.223572,-300.587769,957.917969
280,1.166667,0.039821,0.038384,0.539991,-0.839852,-500.164917,-195.826294,43.632900,-0.001716,-0.006839,0.598048,-0.801429,-394.486938,-405.061005,35.803650,-0.015380,0.005253,-0.488415,0.872460,-443.442688,-300.971863,958.286987
281,1.170833,0.039687,0.035495,0.537905,-0.841322,-499.923157,-197.527008,43.261139,-0.001753,-0.006907,0.597982,-0.801478,-394.495026,-405.073364,35.790314,-0.015387,0.005000,-0.488932,0.872172,-442.982178,-301.539459,958.233154
282,1.175000,0.039495,0.033054,0.535206,-0.843150,-499.727600,-198.968262,42.803844,-0.001728,-0.006915,0.597792,-0.801620,-394.526611,-405.112946,35.783901,-0.015514,0.004689,-0.489335,0.871945,-442.529449,-302.131195,958.164062
283,1.179167,0.038465,0.029418,0.532111,-0.845289,-499.624786,-200.212006,42.441010,-0.001838,-0.007017,0.597663,-0.801715,-394.547089,-405.133484,35.780373,-0.015427,0.004368,-0.489743,0.871719,-442.070831,-302.744232,958.045410
284,1.183333,0.038208,0.026104,0.528799,-0.847485,-499.463226,-201.193573,42.046867,-0.001842,-0.007086,0.597520,-0.801821,-394.570251,-405.156036,35.775940,-0.015392,0.004177,-0.490217,0.871454,-441.644287,-303.286560,957.974854
285,1.187500,0.037535,0.024245,0.524766,-0.850073,-499.302765,-202.010956,41.660229,-0.001933,-0.007093,0.597400,-0.801910,-394.602051,-405.188477,35.775864,-0.015350,0.003917,-0.490661,0.871207,-441.220337,-303.850830,957.852966
286,1.191667,0.034677,0.022334,0.520863,-0.852643,-498.925079,-202.399033,41.149712,-0.001893,-0.007004,0.597302,-0.801984,-394.619324,-405.201019,35.759861,-0.015303,0.003879,-0.491096,0.870963,-440.787750,-304.397461,957.734009
287,1.195833,0.033503,0.020387,0.517305,-0.854902,-498.738312,-202.795914,40.875412,-0.001955,-0.006988,0.597275,-0.802004,-394.625000,-405.209106,35.762169,-0.014815,0.003238,-0.491768,0.870594,-440.303192,-304.758423,957.561951
288,1.200000,0.031972,0.019079,0.513274,-0.857417,-498.558228,-203.062332,40.649998,-0.001970,-0.007034,0.597262,-0.802013,-394.625916,-405.211273,35.755829,-0.013312,0.003101,-0.492309,0.870313,-439.913727,-305.226990,957.433472
289,1.204167,0.030902,0.018465,0.509546,-0.859690,-498.318848,-203.165222,40.343426,-0.001917,-0.007020,0.597251,-0.802022,-394.627716,-405.211792,35.745605,-0.013061,0.003034,-0.492706,0.870092,-439.397095,-305.745544,957.460327
290,1.208333,0.030656,0.018499,0.506375,-0.861569,-497.945770,-203.178864,39.907352,-0.001972,-0.007021,0.597245,-0.802026,-394.636810,-405.213379,35.744987,-0.012392,0.003223,-0.493332,0.869747,-438.907440,-306.205231,957.488892
291,1.212500,0.029294,0.017542,0.503193,-0.863499,-497.629395,-203.092712,39.589108,-0.001963,-0.007013,0.597224,-0.802041,-394.643799,-405.214355,35.729706,-0.012422,0.002786,-0.493582,0.869606,-438.486115,-306.707367,957.417603
292,1.216667,0.028265,0.016328,0.500652,-0.865033,-497.249786,-202.929153,39.285271,-0.002011,-0.007103,0.597217,-0.802046,-394.651886,-405.215546,35.733490,-0.012696,0.002702,-0.493817,0.869469,-438.020447,-307.233612,957.321655
293,1.220833,0.027522,0.015306,0.498734,-0.866183,-496.822266,-202.835754,39.026169,-0.001985,-0.007096,0.597234,-0.802033,-394.645599,-405.209564,35.731037,-0.012824,0.003273,-0.494433,0.869115,-437.511475,-307.707458,957.246704
294,1.225000,0.026854,0.014813,0.497108,-0.867146,-496.410370,-202.789322,38.791328,-0.002072,-0.007144,0.597252,-0.802019,-394.647583,-405.207672,35.731552,-0.013155,0.002987,-0.494769,0.868920,-437.008759,-308.200287,957.176086
295,1.229167,0.025969,0.014320,0.495625,-0.868030,-496.066101,-202.735825,38.559994,-0.002137,-0.007210,0.597253,-0.802018,-394.646637,-405.205414,35.731052,-0.013631,0.002503,-0.494917,0.868830,-436.427765,-308.785370,957.131104
296,1.233333,0.025316,0.013677,0.494175,-0.868886,-495.810944,-202.644485,38.356575,-0.002139,-0.007233,0.597254,-0.802016,-394.650452,-405.210297,35.735435,-0.013891,0.002354,-0.495196,0.868667,-435.885651,-309.376801,957.021118
297,1.237500,0.024890,0.013131,0.492742,-0.869720,-495.638763,-202.539108,38.171562,-0.002027,-0.007270,0.597192,-0.802063,-394.654785,-405.185394,35.718086,-0.014487,0.002151,-0.495329,0.868582,-435.331238,-309.981567,956.981079
298,1.241667,0.024580,0.012779,0.491394,-0.870497,-495.523499,-202.434204,38.011578,-0.002028,-0.007304,0.597171,-0.802078,-394.659790,-405.186920,35.716042,-0.014529,0.002075,-0.495496,0.868486,-434.825165,-310.539856,956.984985
299,1.245833,0.023798,0.011257,0.489856,-0.871406,-495.504852,-202.370605,37.924351,-0.001974,-0.007271,0.597155,-0.802091,-394.663727,-405.188507,35.715466,-0.014350,0.002260,-0.495541,0.868463,-434.307068,-311.043243,956.894470
300,1.250000,0.023004,0.010450,0.488869,-0.871991,-495.551361,-202.312790,37.828682,-0.002068,-0.007350,0.597150,-0.802093,-394.668945,-405.186859,35.713043,-0.014270,0.002266,-0.495628,0.868415,-433.870728,-311.499847,956.874268
301,1.254167,0.022785,0.010769,0.488531,-0.872182,-495.641632,-202.274002,37.728073,-0.002134,-0.007389,0.597130,-0.802108,-394.670441,-405.191742,35.710327,-0.014602,0.002442,-0.495732,0.868349,-433.461975,-311.915070,956.855652
302,1.258333,0.022751,0.011197,0.488525,-0.872182,-495.725464,-202.240265,37.655098,-0.002200,-0.007449,0.597104,-0.802126,-394.677094,-405.195679,35.716999,-0.014788,0.002661,-0.495811,0.868301,-433.060547,-312.292572,956.849060
303,1.262500,0.022991,0.012149,0.488996,-0.871898,-495.845367,-202.194839,37.583427,-0.002210,-0.007498,0.597040,-0.802174,-394.689423,-405.204346,35.731533,-0.014950,0.002804,-0.495899,0.868247,-432.660065,-312.655914,956.816772
304,1.266667,0.022951,0.013516,0.489603,-0.871539,-496.009460,-202.165573,37.470596,-0.002268,-0.007503,0.596969,-0.802226,-394.700714,-405.213013,35.726425,-0.015366,0.003071,-0.496028,0.868165,-432.288116,-313.023712,956.791199
305,1.270833,0.022918,0.014780,0.490210,-0.871177,-496.211304,-202.121887,37.364670,-0.002341,-0.007491,0.596929,-0.802256,-394.711029,-405.209656,35.726967,-0.015653,0.003305,-0.496085,0.868126,-431.926880,-313.375183,956.793640
306,1.275000,0.022932,0.016036,0.490697,-0.870881,-496.433014,-202.050476,37.279526,-0.002326,-0.007443,0.596877,-0.802295,-394.723083,-405.214844,35.724327,-0.015970,0.003522,-0.496105,0.868108,-431.566071,-313.708679,956.765625
307,1.279167,0.023090,0.017251,0.491065,-0.870646,-496.641235,-201.952698,37.230282,-0.002385,-0.007469,0.596822,-0.802336,-394.731293,-405.216248,35.720665,-0.016178,0.003762,-0.496048,0.868136,-431.199097,-314.027008,956.766968
308,1.283333,0.023218,0.018217,0.491270,-0.870507,-496.855225,-201.826385,37.174290,-0.002374,-0.007513,0.596799,-0.802352,-394.739075,-405.216614,35.727024,-0.016222,0.003962,-0.496050,0.868133,-430.838226,-314.333740,956.791626
309,1.287500,0.023541,0.018543,0.491139,-0.870565,-497.032776,-201.722534,37.178143,-0.002479,-0.007655,0.596790,-0.802357,-394.743744,-405.210876,35.734371,-0.016278,0.004157,-0.496036,0.868140,-430.485260,-314.654480,956.801147
310,1.291667,0.024173,0.019648,0.491397,-0.870379,-497.198914,-201.591156,37.141354,-0.002565,-0.007854,0.596794,-0.802352,-394.746033,-405.206329,35.745003,-0.016445,0.004429,-0.495984,0.868165,-430.117737,-314.991241,956.830444
311,1.295833,0.024574,0.020875,0.491836,-0.870091,-497.375946,-201.408005,37.076725,-0.002620,-0.007988,0.596799,-0.802347,-394.745789,-405.203461,35.756111,-0.016870,0.004662,-0.495886,0.868211,-429.756592,-315.335144,956.871460
312,1.300000,0.025043,0.022286,0.492553,-0.869637,-497.568268,-201.185272,37.034348,-0.002628,-0.007972,0.596804,-0.802343,-394.746643,-405.199829,35.752552,-0.017038,0.004755,-0.495757,0.868281,-429.401489,-315.630890,956.911255
313,1.304167,0.025374,0.023791,0.493514,-0.869042,-497.750092,-200.933548,36.975597,-0.002632,-0.007950,0.596772,-0.802367,-394.764099,-405.193146,35.756584,-0.017193,0.004928,-0.495612,0.868360,-429.055389,-315.886169,956.946655
314,1.308333,0.025517,0.024922,0.494430,-0.868485,-497.948151,-200.664764,36.962868,-0.002652,-0.007849,0.596734,-0.802396,-394.776611,-405.186035,35.754887,-0.017195,0.005170,-0.495511,0.868416,-428.749634,-316.117737,956.977905
315,1.312500,0.025927,0.025530,0.495173,-0.868032,-498.134705,-200.415817,36.967632,-0.002619,-0.007752,0.596680,-0.802438,-394.792938,-405.181427,35.746048,-0.017294,0.005316,-0.495348,0.868506,-428.444519,-316.345581,957.022095
316,1.316667,0.026042,0.025600,0.495995,-0.867557,-498.301697,-200.151108,36.946232,-0.002640,-0.007649,0.596633,-0.802473,-394.810242,-405.165039,35.738716,-0.017191,0.005572,-0.495186,0.868599,-428.150330,-316.547455,957.082336
317,1.320833,0.026235,0.025684,0.496918,-0.867021,-498.480865,-199.903046,36.923676,-0.002542,-0.007442,0.596581,-0.802514,-394.822235,-405.156250,35.724224,-0.017096,0.005858,-0.495052,0.868675,-427.885925,-316.741394,957.156494
318,1.325000,0.026537,0.026115,0.497835,-0.866472,-498.658325,-199.659958,36.914318,-0.002473,-0.007218,0.596532,-0.802553,-394.831329,-405.155334,35.713535,-0.016977,0.006247,-0.494923,0.868748,-427.624817,-316.914886,957.232544
319,1.329167,0.026906,0.026595,0.498762,-0.865913,-498.839020,-199.427582,36.916153,-0.002381,-0.007067,0.596492,-0.802584,-394.846069,-405.143341,35.705986,-0.016975,0.006595,-0.494774,0.868831,-427.367188,-317.089905,957.316223
320,1.333333,0.027151,0.026801,0.499707,-0.865354,-498.987610,-199.181198,36.905037,-0.002331,-0.006999,0.596437,-0.802626,-394.853668,-405.133026,35.692562,-0.016606,0.007046,-0.494636,0.868913,-427.127472,-317.249542,957.408752
321,1.337500,0.027097,0.026752,0.500553,-0.864868,-499.117188,-198.944794,36.885715,-0.002258,-0.006875,0.596409,-0.802648,-394.862305,-405.118317,35.689785,-0.016169,0.007267,-0.494591,0.868945,-426.901794,-317.389954,957.474060
322,1.341667,0.027107,0.026780,0.501426,-0.864361,-499.234375,-198.730820,36.860882,-0.002179,-0.006772,0.596376,-0.802674,-394.870117,-405.102783,35.690865,-0.015839,0.007500,-0.494566,0.868963,-426.682281,-317.521637,957.548035
323,1.345833,0.027256,0.026815,0.502228,-0.863889,-499.362396,-198.527405,36.853161,-0.002170,-0.006729,0.596367,-0.802681,-394.872040,-405.082916,35.693565,-0.015574,0.007752,-0.494521,0.868992,-426.491058,-317.641724,957.627136
324,1.350000,0.028451,0.027439,0.502871,-0.863457,-499.546356,-198.383438,36.910542,-0.002044,-0.006611,0.596311,-0.802724,-394.877777,-405.065979,35.683422,-0.015433,0.007948,-0.494460,0.869027,-426.293030,-317.741577,957.696655
325,1.354167,0.028941,0.027458,0.503442,-0.863108,-499.709320,-198.223587,36.930027,-0.001945,-0.006463,0.596260,-0.802763,-394.881470,-405.048676,35.675236,-0.015229,0.008215,-0.494375,0.869076,-426.094421,-317.832367,957.760620
326,1.358333,0.029107,0.027289,0.503975,-0.862796,-499.827148,-198.056854,36.921181,-0.001791,-0.006284,0.596206,-0.802805,-394.891449,-405.038818,35.668888,-0.015173,0.008311,-0.494310,0.869113,-425.902069,-317.913116,957.782532
327,1.362500,0.029034,0.027227,0.504517,-0.862484,-499.924316,-197.896362,36.897724,-0.002357,-0.007888,0.596741,-0.802392,-394.774384,-404.946289,35.764389,-0.015156,0.008474,-0.494177,0.869188,-425.708740,-317.976501,957.798340
328,1.366667,0.028918,0.027089,0.505008,-0.862204,-500.006744,-197.759079,36.872482,-0.002336,-0.008040,0.596756,-0.802379,-394.753357,-404.927490,35.779133,-0.015059,0.008618,-0.494069,0.869249,-425.530029,-318.029541,957.831604
329,1.370833,0.028932,0.027005,0.505474,-0.861934,-500.080872,-197.642059,36.851463,-0.002244,-0.007961,0.596710,-0.802414,-394.753540,-404.914185,35.773315,-0.014694,0.008792,-0.493982,0.869304,-425.356171,-318.075043,957.883911
330,1.375000,0.028891,0.026988,0.505870,-0.861703,-500.146698,-197.541687,36.841812,-0.002215,-0.007937,0.596668,-0.802446,-394.763885,-404.894684,35.782108,-0.014437,0.008912,-0.493905,0.869350,-425.194031,-318.118225,957.917480
331,1.379167,0.028903,0.027023,0.506231,-0.861490,-500.199799,-197.467422,36.829426,-0.002157,-0.007839,0.596618,-0.802484,-394.767975,-404.873535,35.785275,-0.014138,0.009027,-0.493808,0.869409,-425.033051,-318.136505,957.941833
332,1.383333,0.028865,0.026955,0.506582,-0.861287,-500.241882,-197.404953,36.812607,-0.002062,-0.007714,0.596591,-0.802506,-394.773376,-404.863342,35.785877,-0.013920,0.009178,-0.493746,0.869446,-424.867371,-318.142975,957.966125
333,1.387500,0.028745,0.026846,0.506890,-0.861113,-500.266327,-197.360138,36.800022,-0.002017,-0.007661,0.596551,-0.802536,-394.775970,-404.841187,35.781815,-0.013855,0.009256,-0.493656,0.869498,-424.690247,-318.128357,957.947205
334,1.391667,0.028656,0.026826,0.507143,-0.860967,-500.299805,-197.324295,36.784660,-0.001979,-0.007615,0.596499,-0.802575,-394.786560,-404.828613,35.783897,-0.013653,0.009380,-0.493562,0.869553,-424.546234,-318.104218,957.948181
335,1.395833,0.028556,0.026891,0.507335,-0.860856,-500.317932,-197.312698,36.773014,-0.001945,-0.007588,0.596447,-0.802614,-394.788818,-404.816681,35.784801,-0.013542,0.009465,-0.493459,0.869612,-424.391357,-318.083862,957.938660
336,1.400000,0.028452,0.026787,0.507458,-0.860790,-500.334869,-197.308502,36.746540,-0.001885,-0.007547,0.596390,-0.802657,-394.792328,-404.808685,35.774658,-0.013404,0.009615,-0.493370,0.869663,-424.254761,-318.052521,957.937195
337,1.404167,0.028351,0.026750,0.507530,-0.860752,-500.337433,-197.323654,36.732819,-0.001925,-0.007549,0.596376,-0.802668,-394.798981,-404.800842,35.780045,-0.013376,0.009742,-0.493254,0.869728,-424.105408,-318.006775,957.922607
338,1.408333,0.028163,0.026619,0.507518,-0.860769,-500.325867,-197.351746,36.710640,-0.001970,-0.007566,0.596340,-0.802694,-394.801636,-404.787048,35.789261,-0.013251,0.009720,-0.493128,0.869802,-423.942719,-317.969666,957.934875
339,1.412500,0.027963,0.026487,0.507532,-0.860772,-500.305481,-197.399490,36.699265,-0.001945,-0.007556,0.596303,-0.802722,-394.807953,-404.774414,35.790417,-0.013243,0.009951,-0.493082,0.869825,-423.823822,-317.906891,957.869934
340,1.416667,0.027667,0.026114,0.507490,-0.860817,-500.279175,-197.465958,36.687103,-0.001935,-0.007554,0.596282,-0.802737,-394.813599,-404.774719,35.787338,-0.013291,0.010122,-0.492948,0.869898,-423.700592,-317.858002,957.842651
341,1.420833,0.027379,0.025625,0.507415,-0.860886,-500.232513,-197.520828,36.674034,-0.001963,-0.007579,0.596253,-0.802758,-394.820465,-404.766602,35.790123,-0.013364,0.010238,-0.492783,0.869989,-423.562347,-317.802948,957.809387
342,1.425000,0.026979,0.025007,0.507313,-0.860977,-500.186554,-197.577286,36.655739,-0.001918,-0.007481,0.596244,-0.802766,-394.826477,-404.760559,35.788448,-0.013372,0.010316,-0.492670,0.870053,-423.441620,-317.739502,957.772583
343,1.429167,0.026572,0.024383,0.507234,-0.861054,-500.138763,-197.646118,36.647350,-0.001903,-0.007459,0.596212,-0.802790,-394.831268,-404.755676,35.788868,-0.013453,0.010403,-0.492558,0.870113,-423.325500,-317.678650,957.745300
344,1.433333,0.026291,0.023721,0.507116,-0.861150,-500.084412,-197.729630,36.631828,-0.001887,-0.007425,0.596192,-0.802805,-394.838531,-404.743103,35.790325,-0.013651,0.010564,-0.492438,0.870176,-423.215179,-317.620697,957.718628
345,1.437500,0.025859,0.023098,0.506997,-0.861250,-500.028564,-197.817566,36.615822,-0.001890,-0.007419,0.596180,-0.802814,-394.845093,-404.741028,35.788025,-0.014099,0.010743,-0.492227,0.870287,-423.100922,-317.574097,957.697388
346,1.441667,0.025443,0.022362,0.506818,-0.861387,-499.970764,-197.908096,36.595505,-0.001869,-0.007364,0.596152,-0.802836,-394.853271,-404.733063,35.790974,-0.014533,0.010855,-0.491990,0.870412,-422.983612,-317.516754,957.679504
347,1.445833,0.024958,0.021560,0.506602,-0.861549,-499.903107,-198.000107,36.578835,-0.001873,-0.007411,0.596128,-0.802853,-394.864960,-404.725494,35.797234,-0.014881,0.010924,-0.491775,0.870527,-422.873016,-317.463348,957.652039
348,1.450000,0.024446,0.020784,0.506330,-0.861743,-499.837494,-198.104172,36.559811,-0.001847,-0.007373,0.596113,-0.802865,-394.868652,-404.723541,35.788715,-0.014969,0.011119,-0.491602,0.870620,-422.766724,-317.399261,957.647583
349,1.454167,0.024008,0.019962,0.505804,-0.862083,-499.752167,-198.240433,36.560287,-0.001865,-0.007384,0.596101,-0.802873,-394.877472,-404.718353,35.788208,-0.015161,0.011204,-0.491390,0.870736,-422.654083,-317.309601,957.618774
350,1.458333,0.023631,0.019043,0.505375,-0.862366,-499.685059,-198.369797,36.558441,-0.001905,-0.007406,0.596090,-0.802882,-394.885620,-404.719574,35.797993,-0.015268,0.011330,-0.491234,0.870820,-422.550598,-317.226379,957.598633
351,1.462500,0.023247,0.017845,0.504862,-0.862703,-499.618103,-198.496735,36.558002,-0.001907,-0.007422,0.596071,-0.802895,-394.893341,-404.717438,35.794815,-0.015356,0.011413,-0.491068,0.870911,-422.451996,-317.132690,957.576172
352,1.466667,0.022947,0.017357,0.504740,-0.862792,-499.573303,-198.570724,36.535011,-0.001993,-0.007445,0.596065,-0.802899,-394.900238,-404.714722,35.797897,-0.015381,0.011512,-0.490907,0.871000,-422.352264,-317.044128,957.553284
353,1.470833,0.022459,0.017276,0.504773,-0.862787,-499.550537,-198.628006,36.503689,-0.001986,-0.007474,0.596041,-0.802917,-394.911804,-404.714142,35.797112,-0.015481,0.011599,-0.490743,0.871090,-422.253296,-316.941498,957.516235
354,1.475000,0.020870,0.015948,0.504692,-0.862900,-499.523651,-198.619522,36.340607,-0.002004,-0.007462,0.596016,-0.802935,-394.918732,-404.719086,35.802406,-0.015423,0.011718,-0.490609,0.871164,-422.151855,-316.838837,957.491821
355,1.479167,0.020527,0.015465,0.504509,-0.863024,-499.498474,-198.690842,36.321743,-0.002057,-0.007525,0.595990,-0.802954,-394.920776,-404.721527,35.804455,-0.015361,0.011890,-0.490450,0.871253,-422.060333,-316.739746,957.467773
356,1.483333,0.020300,0.015052,0.504271,-0.863175,-499.467438,-198.746811,36.306641,-0.002099,-0.007531,0.595977,-0.802963,-394.933838,-404.728302,35.800701,-0.015332,0.012072,-0.490271,0.871352,-421.977722,-316.645813,957.449585
357,1.487500,0.020127,0.014906,0.504102,-0.863281,-499.449219,-198.799744,36.307346,-0.002170,-0.007592,0.595948,-0.802984,-394.943634,-404.725128,35.807995,-0.015414,0.012160,-0.490115,0.871436,-421.886627,-316.554871,957.419556
358,1.491667,0.019889,0.014520,0.503919,-0.863400,-499.432068,-198.841415,36.270023,-0.002261,-0.007642,0.595938,-0.802991,-394.944183,-404.732300,35.810905,-0.015670,0.012312,-0.489902,0.871550,-421.788116,-316.475403,957.389343
359,1.495833,0.019643,0.014020,0.503757,-0.863508,-499.418365,-198.881393,36.233635,-0.002242,-0.007630,0.595913,-0.803010,-394.956604,-404.733246,35.810909,-0.015787,0.012426,-0.489731,0.871642,-421.714264,-316.390320,957.358948
360,1.500000,0.019427,0.013467,0.503572,-0.863630,-499.397614,-198.902481,36.192074,-0.002311,-0.007693,0.595892,-0.803024,-394.962708,-404.734741,35.820705,-0.015955,0.012509,-0.489546,0.871742,-421.625397,-316.301086,957.346680
361,1.504167,0.019292,0.012979,0.503512,-0.863675,-499.376007,-198.917206,36.156208,-0.002347,-0.007700,0.595886,-0.803029,-394.970093,-404.743591,35.820282,-0.016102,0.012615,-0.489391,0.871824,-421.556946,-316.216064,957.317444
362,1.508333,0.019224,0.012960,0.503448,-0.863714,-499.375183,-198.938339,36.148193,-0.002462,-0.007760,0.595870,-0.803040,-394.979309,-404.746826,35.829716,-0.016047,0.012617,-0.489244,0.871908,-421.463165,-316.127716,957.308044
363,1.512500,0.019246,0.013276,0.503424,-0.863723,-499.392578,-198.937927,36.134464,-0.002451,-0.007734,0.595870,-0.803040,-394.988861,-404.746918,35.828075,-0.016142,0.012689,-0.489103,0.871984,-421.406311,-316.029663,957.275513
364,1.516667,0.019313,0.013602,0.503437,-0.863709,-499.419678,-198.916748,36.114201,-0.002501,-0.007796,0.595847,-0.803056,-394.992920,-404.750793,35.840588,-0.016331,0.012913,-0.488930,0.872075,-421.369385,-315.937439,957.244568
365,1.520833,0.019251,0.013833,0.503424,-0.863714,-499.460999,-198.889450,36.089649,-0.002554,-0.007799,0.595837,-0.803063,-395.001404,-404.749298,35.834751,-0.016514,0.013065,-0.488775,0.872155,-421.321686,-315.838135,957.223999
366,1.525000,0.019311,0.014322,0.503439,-0.863696,-499.509735,-198.856689,36.077793,-0.002557,-0.007866,0.595803,-0.803088,-395.007812,-404.748901,35.837517,-0.016605,0.013135,-0.488619,0.872240,-421.262756,-315.734711,957.215027
367,1.529167,0.019403,0.014767,0.503471,-0.863668,-499.550201,-198.826263,36.055645,-0.002557,-0.007832,0.595843,-0.803059,-395.013306,-404.747467,35.834267,-0.016699,0.013260,-0.488482,0.872314,-421.212982,-315.630432,957.192078
368,1.533333,0.019475,0.015235,0.503488,-0.863648,-499.588409,-198.791611,36.045048,-0.002583,-0.007891,0.595825,-0.803071,-395.016876,-404.749969,35.849243,-0.016725,0.013319,-0.488321,0.872402,-421.160736,-315.517517,957.171021
369,1.537500,0.019460,0.015195,0.503176,-0.863831,-499.607727,-198.789185,36.019646,-0.002596,-0.007874,0.595823,-0.803073,-395.022461,-404.744934,35.849918,-0.016743,0.013450,-0.488181,0.872478,-421.122437,-315.397614,957.149292
370,1.541667,0.019540,0.014840,0.502851,-0.864025,-499.610992,-198.771286,36.016525,-0.002686,-0.007902,0.595826,-0.803070,-395.026672,-404.740234,35.853146,-0.016949,0.013535,-0.487951,0.872602,-421.065338,-315.283813,957.128357
371,1.545833,0.020906,0.015906,0.502637,-0.864098,-499.649445,-198.820831,36.163528,-0.002618,-0.007809,0.595846,-0.803056,-395.033844,-404.738495,35.853230,-0.016966,0.013580,-0.487821,0.872673,-421.031097,-315.152954,957.121033
372,1.550000,0.021461,0.016455,0.502507,-0.864150,-499.702850,-198.800507,36.208447,-0.002578,-0.007815,0.595857,-0.803048,-395.034790,-404.736542,35.847385,-0.017000,0.013690,-0.487684,0.872748,-420.996460,-315.022797,957.107056
373,1.554167,0.021411,0.016638,0.502476,-0.864166,-499.743073,-198.757980,36.178402,-0.002598,-0.007804,0.595858,-0.803048,-395.038239,-404.726410,35.859207,-0.017071,0.013730,-0.487545,0.872823,-420.964172,-314.901031,957.089966
374,1.558333,0.021390,0.016858,0.502465,-0.864168,-499.780518,-198.711975,36.148632,-0.002525,-0.007737,0.595867,-0.803042,-395.045990,-404.719971,35.859474,-0.017027,0.013758,-0.487417,0.872895,-420.936951,-314.769409,957.089111
375,1.562500,0.021441,0.017287,0.502488,-0.864145,-499.814362,-198.679001,36.128857,-0.002504,-0.007754,0.595870,-0.803039,-395.045563,-404.710907,35.856979,-0.017071,0.013813,-0.487299,0.872959,-420.912109,-314.636261,957.079468
376,1.566667,0.021502,0.017645,0.502478,-0.864143,-499.850922,-198.651642,36.122070,-0.002418,-0.007687,0.595874,-0.803037,-395.051392,-404.705231,35.855732,-0.017195,0.013835,-0.487136,0.873047,-420.900024,-314.511841,957.058350
377,1.570833,0.021558,0.017831,0.502479,-0.864137,-499.881561,-198.627853,36.106068,-0.002362,-0.007628,0.595874,-0.803038,-395.051941,-404.689819,35.859295,-0.017221,0.013929,-0.487047,0.873095,-420.897400,-314.384247,957.053894
378,1.575000,0.021561,0.017923,0.502443,-0.864156,-499.907013,-198.608627,36.084427,-0.002303,-0.007587,0.595887,-0.803029,-395.054169,-404.678925,35.862534,-0.017243,0.013986,-0.486943,0.873151,-420.907959,-314.246277,957.039795
379,1.579167,0.021628,0.018207,0.502393,-0.864177,-499.930481,-198.603012,36.088512,-0.002269,-0.007566,0.595894,-0.803024,-395.058807,-404.667358,35.859177,-0.017260,0.014031,-0.486878,0.873187,-420.910065,-314.109833,957.029602
380,1.583333,0.021638,0.018427,0.502352,-0.864196,-499.934937,-198.596436,36.084396,-0.002130,-0.007441,0.595912,-0.803013,-395.052490,-404.648621,35.859661,-0.017286,0.014064,-0.486766,0.873248,-420.921356,-313.964203,957.027039
381,1.587500,0.021615,0.018448,0.502304,-0.864224,-499.941833,-198.598587,36.065990,-0.002075,-0.007458,0.595919,-0.803007,-395.052002,-404.640045,35.858444,-0.017369,0.014137,-0.486692,0.873287,-420.936646,-313.821106,957.014099
382,1.591667,0.021510,0.018330,0.502226,-0.864274,-499.948212,-198.608170,36.057716,-0.001948,-0.007375,0.595915,-0.803011,-395.051849,-404.624939,35.856304,-0.017577,0.014128,-0.486577,0.873347,-420.949951,-313.672729,956.999573
383,1.595833,0.021511,0.018465,0.502175,-0.864301,-499.941376,-198.613525,36.047901,-0.001886,-0.007282,0.595947,-0.802988,-395.052673,-404.614777,35.857288,-0.017681,0.014129,-0.486529,0.873371,-420.948639,-313.520905,956.988159
384,1.600000,0.021505,0.018456,0.502123,-0.864332,-499.935913,-198.630295,36.036804,-0.001818,-0.007219,0.595970,-0.802972,-395.051178,-404.599030,35.859043,-0.017726,0.014112,-0.486469,0.873404,-420.957703,-313.367126,956.970520
385,1.604167,0.021454,0.018393,0.502048,-0.864378,-499.930206,-198.647980,36.036915,-0.001708,-0.007130,0.595981,-0.802965,-395.042847,-404.593536,35.856033,-0.017846,0.014076,-0.486392,0.873445,-420.970612,-313.219788,956.975037
386,1.608333,0.021389,0.018242,0.502002,-0.864410,-499.925995,-198.669189,36.025791,-0.001583,-0.007031,0.596017,-0.802939,-395.043304,-404.577972,35.851227,-0.017952,0.014039,-0.486321,0.873483,-420.963745,-313.063019,956.983826
387,1.612500,0.021330,0.018256,0.501903,-0.864468,-499.915863,-198.683670,36.022709,-0.001566,-0.006987,0.596046,-0.802918,-395.036072,-404.564514,35.854473,-0.017957,0.014016,-0.486241,0.873528,-420.980743,-312.906708,956.973572
388,1.616667,0.021263,0.018036,0.501825,-0.864520,-499.901306,-198.710358,36.011768,-0.001399,-0.006915,0.596066,-0.802905,-395.040375,-404.554688,35.855846,-0.017926,0.013971,-0.486178,0.873564,-421.009521,-312.749878,956.961853
389,1.620833,0.021222,0.017953,0.501731,-0.864577,-499.886261,-198.738281,36.014988,-0.001292,-0.006864,0.596081,-0.802894,-395.037567,-404.537598,35.849545,-0.017867,0.013893,-0.486117,0.873601,-421.023254,-312.578522,956.941895
390,1.625000,0.021163,0.017753,0.501589,-0.864665,-499.870056,-198.762405,36.004333,-0.001233,-0.006794,0.596105,-0.802877,-395.036560,-404.519073,35.855247,-0.017859,0.013831,-0.486066,0.873630,-421.053009,-312.405823,956.926880
391,1.629167,0.021064,0.017386,0.501513,-0.864719,-499.862823,-198.791046,35.997395,-0.001120,-0.006706,0.596130,-0.802859,-395.035126,-404.506958,35.852047,-0.017847,0.013738,-0.486011,0.873663,-421.067963,-312.231232,956.930359
392,1.633333,0.021032,0.017205,0.501436,-0.864768,-499.848907,-198.809509,35.978954,-0.001084,-0.006653,0.596175,-0.802826,-395.031006,-404.495453,35.853767,-0.017808,0.013712,-0.485930,0.873709,-421.086273,-312.056946,956.932861
393,1.637500,0.020918,0.017078,0.501352,-0.864822,-499.844757,-198.829193,35.968048,-0.000973,-0.006552,0.596205,-0.802805,-395.027466,-404.480560,35.852955,-0.017870,0.013732,-0.485893,0.873728,-421.104065,-311.883026,956.938782
394,1.641667,0.020822,0.017052,0.501265,-0.864875,-499.838715,-198.847794,35.949631,-0.000822,-0.006501,0.596224,-0.802792,-395.036835,-404.471558,35.852306,-0.017908,0.013693,-0.485856,0.873748,-421.128815,-311.710815,956.939453
395,1.645833,0.019421,0.015545,0.501052,-0.865059,-499.805603,-198.782104,35.781033,-0.000761,-0.006446,0.596266,-0.802761,-395.032471,-404.460358,35.855370,-0.017814,0.013613,-0.485814,0.873775,-421.145111,-311.531708,956.937500
396,1.650000,0.019345,0.015554,0.501033,-0.865072,-499.798126,-198.796097,35.771088,-0.000629,-0.006384,0.596263,-0.802763,-395.033752,-404.448608,35.846992,-0.017847,0.013604,-0.485771,0.873798,-421.157257,-311.363953,956.923767
