Frame,Time (Seconds),LFoot:Rotation:X,LFoot:Rotation:Y,LFoot:Rotation:Z,LFoot:Rotation:W,LFoot:Position:X,LFoot:Position:Y,LFoot:Position:Z,RFoot:Rotation:X,RFoot:Rotation:Y,RFoot:Rotation:Z,RFoot:Rotation:W,RFoot:Position:X,RFoot:Position:Y,RFoot:Position:Z,Waist:Rotation:X,Waist:Rotation:Y,Waist:Rotation:Z,Waist:Rotation:W,Waist:Position:X,Waist:Position:Y,Waist:Position:Z
0,0.000000,-0.019794,0.023209,-0.419622,-0.907186,705.633179,29.440523,14.213970,-0.011708,0.020278,-0.331783,-0.943065,866.716553,215.828888,14.760468,-0.000739,-0.019797,0.451285,0.892160,770.137329,112.256599,933.493408
1,0.004167,-0.019927,0.023335,-0.419541,-0.907218,705.622925,29.419254,14.203478,-0.011630,0.019978,-0.331834,-0.943054,866.725769,215.844849,14.773203,-0.000498,-0.020077,0.451391,0.892100,770.254822,112.268570,933.514771
2,0.008333,-0.020096,0.023483,-0.419458,-0.907249,705.608337,29.400944,14.196709,-0.011576,0.019769,-0.331907,-0.943034,866.740662,215.848495,14.780707,-0.000213,-0.020476,0.451484,0.892044,770.373352,112.281609,933.523071
3,0.012500,-0.020243,0.023614,-0.419397,-0.907270,705.593628,29.384989,14.183778,-0.011496,0.019563,-0.331966,-0.943018,866.757507,215.867035,14.797619,-0.000397,-0.020813,0.451418,0.892070,770.558289,112.219856,933.463074
4,0.016667,-0.020382,0.023819,-0.419304,-0.907304,705.584717,29.358751,14.178822,-0.011428,0.019232,-0.331997,-0.943015,866.770569,215.873779,14.806869,-0.000243,-0.021202,0.451428,0.892056,770.713257,112.236053,933.479492
5,0.020833,-0.020491,0.023909,-0.419227,-0.907335,705.576477,29.336824,14.165051,-0.011400,0.018882,-0.332007,-0.943019,866.776550,215.878265,14.815557,-0.000062,-0.021544,0.451391,0.892066,770.890747,112.244278,933.498596
6,0.025000,-0.020625,0.024059,-0.419133,-0.907372,705.568909,29.316021,14.153848,-0.011318,0.018584,-0.332034,-0.943016,866.791443,215.891983,14.828619,0.000062,-0.021901,0.451377,0.892065,771.078003,112.254929,933.534668
7,0.029167,-0.020691,0.024171,-0.419044,-0.907408,705.552002,29.297371,14.145185,-0.011149,0.018163,-0.332015,-0.943033,866.805359,215.889999,14.836491,0.000176,-0.022123,0.451283,0.892107,771.277649,112.271088,933.602478
8,0.033333,-0.020823,0.024327,-0.418940,-0.907449,705.547363,29.272280,14.138968,-0.010998,0.017932,-0.332096,-0.943011,866.841736,215.909485,14.858022,0.000807,-0.022289,0.451287,0.892100,771.459534,112.365318,933.768372
9,0.037500,-0.020945,0.024441,-0.418858,-0.907481,705.538757,29.248327,14.129225,-0.010858,0.017548,-0.332124,-0.943010,866.858704,215.921494,14.872776,0.001016,-0.022668,0.451189,0.892140,771.667297,112.391396,933.816040
10,0.041667,-0.021068,0.024589,-0.418765,-0.907517,705.534058,29.226017,14.119654,-0.010669,0.017228,-0.332087,-0.943031,866.867188,215.929230,14.888220,0.001208,-0.022971,0.451061,0.892196,771.901184,112.416977,933.860840
11,0.045833,-0.021190,0.024734,-0.418621,-0.907577,705.533813,29.201036,14.100814,-0.010451,0.016785,-0.332079,-0.943044,866.891357,215.941376,14.908262,0.001389,-0.023286,0.450868,0.892286,772.174377,112.412918,933.886169
12,0.050000,-0.021285,0.024831,-0.418522,-0.907618,705.524719,29.183422,14.090114,-0.010258,0.016293,-0.332054,-0.943064,866.905823,215.958984,14.934719,0.001649,-0.023675,0.450703,0.892359,772.424500,112.439453,933.924011
13,0.054167,-0.021388,0.024939,-0.418409,-0.907664,705.525879,29.172733,14.081070,-0.010006,0.015718,-0.331968,-0.943107,866.917725,215.982468,14.972311,0.001939,-0.024084,0.450487,0.892456,772.693176,112.464714,933.947083
14,0.058333,-0.021492,0.025084,-0.418304,-0.907706,705.524170,29.148083,14.074513,-0.009764,0.015201,-0.331893,-0.943144,866.934021,216.006851,15.008864,0.001926,-0.024389,0.450198,0.892594,772.972717,112.469223,933.981140
15,0.062500,-0.021656,0.025232,-0.418174,-0.907758,705.518433,29.122192,14.059068,-0.009443,0.014543,-0.331854,-0.943171,866.953064,216.037292,15.058940,0.001397,-0.024734,0.449861,0.892755,773.297852,112.416748,933.870056
16,0.066667,-0.021710,0.025298,-0.418056,-0.907809,705.515442,29.104628,14.043664,-0.009115,0.013932,-0.331779,-0.943210,866.958069,216.069336,15.111918,0.001518,-0.024991,0.449535,0.892912,773.609375,112.446014,933.919373
17,0.070833,-0.021790,0.025384,-0.417945,-0.907856,705.520081,29.083895,14.025146,-0.008789,0.013215,-0.331716,-0.943246,866.952454,216.103668,15.187099,0.002028,-0.025389,0.449262,0.893037,773.919800,112.524086,934.108459
18,0.075000,-0.021905,0.025554,-0.417846,-0.907894,705.517700,29.070580,14.014284,-0.008433,0.012400,-0.331608,-0.943298,866.962463,216.160248,15.273389,0.001997,-0.025935,0.448923,0.893192,774.296448,112.521332,934.117554
19,0.079167,-0.021988,0.025608,-0.417716,-0.907950,705.514648,29.048576,13.996688,-0.007989,0.011562,-0.331552,-0.943332,866.965576,216.228668,15.366807,0.002058,-0.026439,0.448539,0.893370,774.690430,112.525330,934.136353
20,0.083333,-0.022033,0.025668,-0.417617,-0.907993,705.514221,29.032310,13.987332,-0.007502,0.010658,-0.331421,-0.943393,866.966187,216.304947,15.481893,0.002085,-0.026885,0.448173,0.893540,775.109192,112.536995,934.142822
21,0.087500,-0.022085,0.025727,-0.417514,-0.908038,705.511597,29.017302,13.968393,-0.006927,0.009997,-0.331282,-0.943453,866.959045,216.397095,15.611384,0.001491,-0.027306,0.447623,0.893804,775.566040,112.466545,934.011353
22,0.091667,-0.022148,0.025773,-0.417437,-0.908070,705.503479,28.998449,13.952531,-0.005112,0.006371,-0.330149,-0.943894,867.034424,216.332077,15.528968,0.002142,-0.027476,0.447224,0.893997,775.958313,112.524986,934.198547
23,0.095833,-0.022230,0.025899,-0.417337,-0.908111,705.502380,28.976040,13.925605,-0.004228,0.005393,-0.329781,-0.944033,867.015076,216.433350,15.684176,0.001991,-0.027779,0.446688,0.894256,776.417664,112.513161,934.202759
24,0.100000,-0.022317,0.026018,-0.417221,-0.908158,705.499573,28.957352,13.915159,-0.003234,0.004354,-0.329399,-0.944175,866.990051,216.546555,15.865490,0.001896,-0.028078,0.446108,0.894536,776.883789,112.516533,934.193970
25,0.104167,-0.022405,0.026035,-0.417140,-0.908193,705.488220,28.940767,13.909201,-0.002078,0.003578,-0.329071,-0.944296,866.973755,216.687698,16.058466,0.001829,-0.028441,0.445565,0.894796,777.367188,112.532471,934.175232
26,0.108333,-0.022498,0.026219,-0.417030,-0.908236,705.484131,28.911169,13.892277,-0.000657,0.002495,-0.328795,-0.944398,866.949341,216.847229,16.289444,0.001027,-0.028828,0.444871,0.895130,777.887817,112.498253,934.002930
27,0.112500,-0.022597,0.026379,-0.416946,-0.908267,705.471741,28.888760,13.878682,0.000792,0.001371,-0.328394,-0.944540,866.916931,217.004105,16.539675,0.001448,-0.028989,0.444236,0.895440,778.347839,112.610603,934.151794
28,0.116667,-0.022842,0.026657,-0.416797,-0.908321,705.466187,28.860159,13.863912,0.002315,0.000285,-0.327885,-0.944715,866.878967,217.164642,16.817341,0.000462,-0.029313,0.443303,0.895892,778.914551,112.516762,933.917786
29,0.120833,-0.022913,0.026824,-0.416702,-0.908358,705.453979,28.824314,13.847344,0.003944,-0.000990,-0.327250,-0.944929,866.854431,217.361893,17.125650,0.000125,-0.029548,0.442507,0.896278,779.428406,112.550575,933.854614
30,0.125000,-0.023051,0.026940,-0.416623,-0.908388,705.434814,28.807367,13.834278,0.005581,-0.002178,-0.326775,-0.945083,866.843262,217.591354,17.460014,0.000034,-0.029737,0.441707,0.896666,779.946777,112.576813,933.802490
31,0.129167,-0.023160,0.027195,-0.416505,-0.908431,705.423157,28.772081,13.816012,0.007352,-0.003330,-0.326327,-0.945222,866.862244,217.839096,17.841633,0.000070,-0.029758,0.440860,0.897083,780.388550,112.711952,933.799194
32,0.133333,-0.023337,0.027393,-0.416415,-0.908462,705.425232,28.742050,13.799467,0.009424,-0.004896,-0.325699,-0.945414,866.867554,218.086166,18.285622,-0.000209,-0.029874,0.439978,0.897512,780.910339,112.770081,933.715881
33,0.137500,-0.023399,0.027551,-0.416338,-0.908491,705.419922,28.718311,13.790318,0.011602,-0.006691,-0.324956,-0.945634,866.835327,218.338089,18.735535,-0.000289,-0.030002,0.439044,0.897965,781.423889,112.840935,933.680725
34,0.141667,-0.023519,0.027630,-0.416275,-0.908514,705.405090,28.700153,13.784657,0.013968,-0.009171,-0.324099,-0.945876,866.771423,218.605515,19.207336,-0.000600,-0.030008,0.438118,0.898416,781.929443,112.970558,933.634277
35,0.145833,-0.023571,0.027750,-0.416171,-0.908557,705.403015,28.676542,13.775535,0.016668,-0.011950,-0.323435,-0.946028,866.742615,218.916931,19.712881,-0.001451,-0.030049,0.437050,0.898934,782.453491,113.052612,933.477722
36,0.150000,-0.023696,0.027830,-0.416097,-0.908585,705.393311,28.656338,13.773699,0.019399,-0.014293,-0.323065,-0.946070,866.712585,219.226120,20.225527,-0.001597,-0.030257,0.436068,0.899403,782.947937,113.146782,933.416870
37,0.154167,-0.023792,0.027976,-0.416038,-0.908605,705.392761,28.642416,13.766991,0.020509,-0.011651,-0.324764,-0.945501,866.422852,219.897888,21.188292,-0.001592,-0.030494,0.435039,0.899894,783.452881,113.246063,933.389282
38,0.158333,-0.023820,0.027968,-0.415992,-0.908626,705.387817,28.635143,13.755778,0.023257,-0.012758,-0.324375,-0.945557,866.382202,220.211090,21.756939,-0.001563,-0.030785,0.433969,0.900400,784.016785,113.273064,933.327271
39,0.162500,-0.023878,0.028049,-0.415940,-0.908646,705.390808,28.617775,13.753014,0.026316,-0.014281,-0.323890,-0.945621,866.395691,220.552124,22.338108,-0.001570,-0.031250,0.432995,0.900853,784.475403,113.487251,933.308838
40,0.166667,-0.023955,0.028145,-0.415882,-0.908667,705.386047,28.611675,13.745936,0.029589,-0.015803,-0.323374,-0.945677,866.453003,220.949051,22.985416,-0.001710,-0.031423,0.432010,0.901320,784.940125,113.632591,933.296387
41,0.170833,-0.023953,0.028130,-0.415868,-0.908674,705.383057,28.600533,13.739058,0.032666,-0.018076,-0.322794,-0.945733,866.509583,221.396362,23.674370,-0.001849,-0.031824,0.431089,0.901746,785.367432,113.779472,933.236511
42,0.175000,-0.023991,0.028244,-0.415793,-0.908704,705.387756,28.586447,13.741251,0.038388,-0.025179,-0.320164,-0.946249,866.887024,221.483719,24.128719,-0.001656,-0.032174,0.429897,0.902303,785.974487,113.805397,933.241455
43,0.179167,-0.023996,0.028206,-0.415769,-0.908716,705.391174,28.582186,13.735188,0.039611,-0.023195,-0.321919,-0.945654,866.781311,222.342102,25.208258,-0.001332,-0.032689,0.428953,0.902734,786.407410,114.018547,933.266724
44,0.183333,-0.023986,0.028179,-0.415756,-0.908723,705.392029,28.576401,13.727807,0.043105,-0.027116,-0.321867,-0.945414,866.821594,222.829224,25.961897,-0.001270,-0.033216,0.427992,0.903171,786.832703,114.184135,933.229553
45,0.187500,-0.023962,0.028142,-0.415762,-0.908722,705.392761,28.575640,13.729546,0.047091,-0.030703,-0.321402,-0.945273,867.074341,223.357269,26.758749,-0.001301,-0.033753,0.427113,0.903567,787.263428,114.380852,933.184265
46,0.191667,-0.023889,0.028073,-0.415748,-0.908733,705.392151,28.570492,13.727445,0.051009,-0.034475,-0.320835,-0.945132,867.294800,223.862701,27.505819,-0.001388,-0.034037,0.426141,0.904015,787.747498,114.510880,933.192078
47,0.195833,-0.023938,0.028070,-0.415743,-0.908734,705.397156,28.566250,13.727848,0.056548,-0.042036,-0.318714,-0.945228,867.785522,224.257751,28.014721,-0.001894,-0.034000,0.425047,0.904530,788.284363,114.657433,933.259888
48,0.200000,-0.023923,0.027992,-0.415771,-0.908724,705.397827,28.566319,13.725498,0.059834,-0.044526,-0.318199,-0.945085,868.105530,225.022278,28.823994,-0.002015,-0.034562,0.424449,0.904790,788.679504,114.892876,933.316345
49,0.204167,-0.023918,0.028027,-0.415761,-0.908727,705.398315,28.562466,13.719713,0.063222,-0.047197,-0.317397,-0.945005,868.502991,225.860718,29.645130,-0.002157,-0.034879,0.423689,0.905133,789.114990,115.134895,933.382324
50,0.208333,-0.023906,0.028004,-0.415752,-0.908733,705.398376,28.560017,13.716899,0.066610,-0.049763,-0.316801,-0.944841,868.955933,226.768707,30.474415,-0.001891,-0.035286,0.422998,0.905441,789.541077,115.327400,933.450867
51,0.212500,-0.023890,0.027943,-0.415758,-0.908732,705.402100,28.551888,13.718137,0.069833,-0.052780,-0.316237,-0.944633,869.408203,227.760498,31.337641,-0.001516,-0.035999,0.422421,0.905683,789.949097,115.519821,933.469910
52,0.216667,-0.023885,0.027938,-0.415766,-0.908728,705.404236,28.550278,13.718496,0.072828,-0.054648,-0.315616,-0.944508,869.948608,228.768127,32.192059,-0.001696,-0.036263,0.421776,0.905973,790.357361,115.754280,933.516418
53,0.220833,-0.023812,0.027818,-0.415782,-0.908727,705.401855,28.556000,13.713896,0.075679,-0.055011,-0.315237,-0.944390,870.534668,229.896225,33.039215,-0.001763,-0.036464,0.421223,0.906222,790.769043,116.022598,933.604065
54,0.225000,-0.023764,0.027797,-0.415773,-0.908733,705.402466,28.551039,13.711176,0.078345,-0.056071,-0.314862,-0.944235,871.154480,231.237045,33.807308,-0.002607,-0.036701,0.420375,0.906604,791.273804,116.223183,933.480896
55,0.229167,-0.023763,0.027775,-0.415776,-0.908732,705.406738,28.550863,13.708757,0.080909,-0.055365,-0.314509,-0.944178,871.776794,232.900436,34.457859,-0.001791,-0.037678,0.420345,0.906580,791.591675,116.560181,933.589539
56,0.233333,-0.023709,0.027685,-0.415773,-0.908738,705.412476,28.550186,13.702992,0.083372,-0.055597,-0.313121,-0.944412,872.664124,234.688522,35.063038,-0.001635,-0.038220,0.420030,0.906704,791.992432,116.843132,933.613708
57,0.237500,-0.023764,0.027673,-0.415795,-0.908727,705.407532,28.547337,13.705301,0.084903,-0.055541,-0.310894,-0.945014,873.997681,237.019379,35.624912,-0.001355,-0.038774,0.419820,0.906778,792.362610,117.176308,933.687622
58,0.241667,-0.023756,0.027694,-0.415791,-0.908728,705.410950,28.544043,13.706204,0.087791,-0.062179,-0.311176,-0.944244,874.846130,239.713760,35.582249,-0.001392,-0.039037,0.419565,0.906884,792.714355,117.518631,933.749207
59,0.245833,-0.023716,0.027669,-0.415788,-0.908731,705.412476,28.540775,13.703142,0.088368,-0.060830,-0.309436,-0.944849,876.092957,241.989456,36.258263,-0.001121,-0.039725,0.419320,0.906968,793.096985,117.853249,933.772827
60,0.250000,-0.023644,0.027623,-0.415784,-0.908736,705.415527,28.542847,13.697692,0.088489,-0.058485,-0.307727,-0.945544,877.405762,244.468628,36.922894,-0.000751,-0.040590,0.419163,0.907003,793.507935,118.210945,933.767578
61,0.254167,-0.023596,0.027558,-0.415780,-0.908741,705.424622,28.540119,13.694309,0.088617,-0.056405,-0.306108,-0.946184,878.786865,247.137527,37.566265,-0.000719,-0.040889,0.419113,0.907012,793.875183,118.600327,933.785400
62,0.258333,-0.023582,0.027470,-0.415815,-0.908728,705.419556,28.539087,13.691591,0.088448,-0.054386,-0.304593,-0.946807,880.218384,250.064667,38.148663,-0.000616,-0.042118,0.419062,0.906980,794.195801,119.007324,933.762024
63,0.262500,-0.023526,0.027440,-0.415861,-0.908710,705.421387,28.542250,13.690332,0.088155,-0.052153,-0.302840,-0.947521,881.733887,253.135361,38.746643,-0.001167,-0.041626,0.418792,0.907127,794.615601,119.370888,933.799255
64,0.266667,-0.023442,0.027329,-0.415877,-0.908708,705.419373,28.552834,13.676968,0.087404,-0.048955,-0.302276,-0.947942,883.261536,256.534058,39.371773,-0.000724,-0.042107,0.418797,0.907103,794.998230,119.769020,933.904236
65,0.270833,-0.023423,0.027244,-0.415922,-0.908690,705.415527,28.574991,13.659851,0.086571,-0.046891,-0.301147,-0.948482,884.878235,259.894562,39.812012,-0.000354,-0.042800,0.418848,0.907047,795.401978,120.197380,933.954956
66,0.275000,-0.023308,0.027147,-0.415926,-0.908695,705.420654,28.578604,13.647298,0.085619,-0.044098,-0.300230,-0.948992,886.484131,263.423401,40.273117,-0.000406,-0.043164,0.418951,0.906982,795.763916,120.660057,933.936340
67,0.279167,-0.023290,0.027128,-0.415912,-0.908702,705.424744,28.578886,13.651934,0.084551,-0.036448,-0.298192,-0.950055,888.409729,267.059784,40.716667,-0.000075,-0.044369,0.419096,0.906857,796.043823,121.166145,933.965942
68,0.283333,-0.023318,0.027116,-0.415913,-0.908701,705.425720,28.560406,13.669122,0.084119,-0.034108,-0.297355,-0.950442,890.131836,270.810425,40.916157,0.000257,-0.045500,0.419315,0.906700,796.334412,121.681358,934.133057
69,0.287500,-0.023246,0.027020,-0.415946,-0.908691,705.428528,28.561611,13.673301,0.083811,-0.028840,-0.294827,-0.951431,891.967224,274.626709,41.449627,0.000953,-0.046401,0.419539,0.906550,796.673828,122.191765,934.260559
70,0.291667,-0.023148,0.026893,-0.415987,-0.908678,705.445312,28.569221,13.661986,0.083207,-0.026195,-0.293838,-0.951866,893.826111,278.682251,41.631050,0.000928,-0.046608,0.419657,0.906485,797.033997,122.713440,934.257629
71,0.295833,-0.023014,0.026708,-0.416040,-0.908663,705.450623,28.576174,13.659350,0.083068,-0.026922,-0.293301,-0.952024,895.534180,282.896881,41.598125,0.002133,-0.048175,0.420159,0.906168,797.268982,123.315704,934.483459
72,0.300000,-0.022986,0.026556,-0.416043,-0.908666,705.472168,28.552273,13.687470,0.079689,-0.015664,-0.292713,-0.952745,897.515198,287.294373,42.247944,0.002090,-0.048387,0.420319,0.906083,797.575500,123.874664,934.514771
73,0.304167,-0.022885,0.026412,-0.416055,-0.908668,705.487183,28.557919,13.694308,0.076518,-0.003362,-0.291354,-0.953544,899.503906,291.417328,43.073269,0.002000,-0.048489,0.420542,0.905974,797.911682,124.434677,934.509033
74,0.308333,-0.022764,0.026253,-0.416086,-0.908661,705.497681,28.563875,13.688293,0.075048,0.001235,-0.290889,-0.953808,901.460327,295.980713,43.164017,0.002076,-0.048682,0.420791,0.905848,798.230957,125.022728,934.566101
75,0.312500,-0.022671,0.026113,-0.416139,-0.908643,705.510803,28.568939,13.687692,0.073826,0.004908,-0.290079,-0.954138,903.476196,300.605927,43.204845,0.002156,-0.049597,0.421122,0.905644,798.501343,125.685242,934.624451
76,0.316667,-0.022576,0.025921,-0.416168,-0.908638,705.519287,28.573322,13.686411,0.070700,0.010500,-0.290623,-0.954164,905.195679,305.558685,43.462456,0.001807,-0.050190,0.421389,0.905488,798.795593,126.345558,934.545410
77,0.320833,-0.022490,0.025771,-0.416207,-0.908626,705.531372,28.579075,13.682292,0.070739,0.013318,-0.289193,-0.954561,907.345398,310.315613,43.337822,0.001645,-0.050361,0.421710,0.905330,799.101562,127.012756,934.562500
78,0.325000,-0.022405,0.025639,-0.416247,-0.908614,705.538879,28.585754,13.684835,0.072310,0.015613,-0.286162,-0.955321,909.911499,315.041534,42.978619,0.001345,-0.050169,0.421818,0.905290,799.397034,127.660812,934.495117
79,0.329167,-0.022253,0.025480,-0.416276,-0.908609,705.552795,28.584398,13.688141,0.072362,0.018835,-0.284614,-0.955722,912.229126,319.981476,42.782993,0.001334,-0.050533,0.422141,0.905120,799.677246,128.376602,934.511841
80,0.333333,-0.022155,0.025298,-0.416341,-0.908587,705.563538,28.588881,13.685205,0.071672,0.021654,-0.283382,-0.956080,914.239441,325.043274,42.675621,0.001302,-0.051456,0.422541,0.904881,800.000061,129.168228,934.467407
81,0.337500,-0.022078,0.025138,-0.416389,-0.908571,705.569824,28.595057,13.678839,0.070573,0.026117,-0.282585,-0.956286,916.404602,330.204651,42.563198,0.001258,-0.051737,0.422866,0.904713,800.321106,129.897186,934.509766
82,0.341667,-0.021942,0.024940,-0.416440,-0.908556,705.577271,28.604969,13.680371,0.067949,0.032365,-0.282906,-0.956190,918.390503,335.249786,42.534950,0.001208,-0.052269,0.423131,0.904559,800.582153,130.642502,934.465027
83,0.345833,-0.021909,0.024830,-0.416529,-0.908519,705.583130,28.618961,13.685733,0.067075,0.035089,-0.281951,-0.956438,920.460205,340.565796,42.387203,0.001187,-0.051692,0.423595,0.904375,800.814392,131.465225,934.610413
84,0.350000,-0.021945,0.024788,-0.416672,-0.908454,705.561096,28.621408,13.702221,0.064463,0.038454,-0.282589,-0.956300,922.344604,345.995758,42.433537,0.000904,-0.051404,0.423983,0.904210,801.098572,132.280975,934.608459
85,0.354167,-0.021798,0.024583,-0.416737,-0.908433,705.565002,28.621071,13.701342,0.063855,0.042905,-0.281161,-0.956572,924.613037,351.537476,42.209126,0.001189,-0.051804,0.424433,0.903975,801.344543,133.107788,934.641602
86,0.358333,-0.021678,0.024431,-0.416779,-0.908421,705.575378,28.623949,13.702774,0.061944,0.045220,-0.280554,-0.956769,926.615356,357.016174,42.174438,0.001407,-0.052936,0.424892,0.903694,801.614014,134.007477,934.641968
87,0.362500,-0.021527,0.024181,-0.416882,-0.908384,705.578186,28.651932,13.702737,0.062599,0.046233,-0.278660,-0.957232,928.975647,362.531067,41.716881,0.000510,-0.052821,0.425145,0.903583,801.887329,134.932922,934.488586
88,0.366667,-0.021312,0.023907,-0.416979,-0.908352,705.583130,28.685411,13.695971,0.062453,0.047714,-0.277089,-0.957624,931.223328,368.148376,41.431412,-0.000728,-0.052094,0.425602,0.903409,802.376587,135.573410,934.873352
89,0.370833,-0.021169,0.023732,-0.417075,-0.908316,705.576599,28.710960,13.692915,0.061974,0.051111,-0.275162,-0.958036,933.426086,373.787354,41.158268,-0.001059,-0.055012,0.426389,0.902865,802.631409,136.511658,934.637573
90,0.375000,-0.021018,0.023493,-0.417200,-0.908268,705.571777,28.723337,13.690950,0.060127,0.053193,-0.274413,-0.958255,935.526367,379.540070,41.067085,-0.000568,-0.053460,0.426563,0.902876,802.895630,137.473709,934.747742
91,0.379167,-0.020849,0.023295,-0.417201,-0.908276,705.584412,28.725569,13.685326,0.058226,0.054616,-0.273666,-0.958506,937.520325,385.351196,41.020424,-0.001202,-0.053566,0.426948,0.902688,803.143799,138.507629,934.664673
92,0.383333,-0.020680,0.023076,-0.417243,-0.908267,705.599548,28.736473,13.681441,0.055321,0.060197,-0.274068,-0.958229,939.270081,391.248077,41.194626,-0.001543,-0.052748,0.427174,0.902628,803.444763,139.428528,934.636353
93,0.387500,-0.020562,0.022917,-0.417290,-0.908252,705.605286,28.749977,13.681177,0.052073,0.055515,-0.274374,-0.958606,940.685791,397.482544,41.866886,-0.001474,-0.052468,0.427586,0.902449,803.752502,140.395248,934.717590
94,0.391667,-0.020435,0.022701,-0.417327,-0.908243,705.617126,28.762693,13.677397,0.050728,0.056653,-0.273752,-0.958789,942.674683,403.364380,41.770321,-0.001300,-0.053654,0.428115,0.902129,803.979065,141.472809,934.656799
95,0.395833,-0.020258,0.022466,-0.417366,-0.908235,705.630859,28.772072,13.668250,0.048413,0.058958,-0.273603,-0.958812,944.646301,409.236877,41.868042,-0.001617,-0.053384,0.428417,0.902001,804.251953,142.520996,934.542542
96,0.400000,-0.020067,0.022217,-0.417369,-0.908244,705.648315,28.787697,13.668167,0.045192,0.060892,-0.273538,-0.958867,946.611023,415.146362,41.929016,-0.002153,-0.052564,0.428775,0.901878,804.561523,143.582245,934.381165
97,0.404167,-0.019881,0.021975,-0.417384,-0.908247,705.665405,28.804749,13.659931,0.042930,0.063305,-0.273243,-0.958899,948.504517,421.130829,41.944000,-0.002601,-0.052059,0.429133,0.901736,804.857361,144.677811,934.277222
98,0.408333,-0.019679,0.021591,-0.417406,-0.908250,705.674194,28.813164,13.665952,0.045581,0.060606,-0.271638,-0.959407,950.754517,426.920532,41.275238,-0.002413,-0.052589,0.429608,0.901480,805.087219,145.767090,934.243164
99,0.412500,-0.019602,0.021562,-0.417372,-0.908269,705.697815,28.823948,13.654235,0.045415,0.062529,-0.270439,-0.959630,952.827026,432.788788,41.145332,-0.002343,-0.052898,0.430068,0.901242,805.356995,146.927094,934.272217
100,0.416667,-0.019492,0.021431,-0.417372,-0.908274,705.703186,28.827381,13.655206,0.044379,0.065118,-0.270087,-0.959606,954.676147,438.628326,41.168568,-0.002849,-0.052581,0.430295,0.901151,805.655518,148.085999,934.076111
101,0.420833,-0.019323,0.021187,-0.417368,-0.908285,705.722961,28.844412,13.646734,0.043555,0.066323,-0.269383,-0.959759,956.554443,444.483093,41.171307,-0.002749,-0.052694,0.430796,0.900905,805.902100,149.254913,933.997437
102,0.425000,-0.019180,0.020976,-0.417386,-0.908285,705.734924,28.867363,13.646229,0.042452,0.068618,-0.269435,-0.959632,958.678528,450.360168,41.000793,-0.003879,-0.052118,0.431060,0.900809,806.188171,150.488037,933.831482
103,0.429167,-0.019041,0.020838,-0.417372,-0.908297,705.745789,28.876249,13.650039,0.042965,0.068673,-0.267432,-0.960166,960.473877,456.168610,41.003384,-0.003684,-0.052206,0.431337,0.900672,806.490967,151.622559,933.774475
104,0.433333,-0.018915,0.020647,-0.417382,-0.908300,705.752502,28.883871,13.643209,0.042919,0.070595,-0.266948,-0.960163,962.742920,462.038452,40.642838,-0.003599,-0.052245,0.431714,0.900489,806.805176,152.867554,933.729431
105,0.437500,-0.018782,0.020491,-0.417352,-0.908320,705.766663,28.895557,13.644657,0.043045,0.072117,-0.265300,-0.960501,964.847900,467.817688,40.460106,-0.004299,-0.052003,0.432045,0.900341,807.079224,154.161484,933.526550
106,0.441667,-0.018526,0.020189,-0.417368,-0.908324,705.782288,28.905890,13.638078,0.043377,0.072157,-0.264068,-0.960823,966.772400,473.535492,40.322113,-0.004406,-0.051774,0.432447,0.900161,807.373230,155.425934,933.457031
107,0.445833,-0.018426,0.020017,-0.417325,-0.908350,705.799255,28.917746,13.633968,0.043208,0.074328,-0.262165,-0.961186,968.690186,479.211426,40.326714,-0.005110,-0.051366,0.432678,0.900069,807.649292,156.765488,933.256714
108,0.450000,-0.018348,0.019846,-0.417366,-0.908336,705.807617,28.925385,13.632226,0.043277,0.073752,-0.261333,-0.961454,970.508484,484.893250,40.207127,-0.005128,-0.051195,0.432925,0.899961,808.029053,157.974182,933.129089
109,0.454167,-0.018188,0.019663,-0.417330,-0.908360,705.822449,28.941526,13.629281,0.045812,0.078770,-0.258518,-0.961699,972.528198,490.299225,39.872398,-0.005685,-0.051008,0.433365,0.899756,808.243896,159.433136,932.914856
110,0.458333,-0.018053,0.019525,-0.417315,-0.908373,705.836670,28.943836,13.632292,0.050326,0.080776,-0.253860,-0.962547,975.419922,495.545685,39.391987,-0.006437,-0.050576,0.433667,0.899630,808.587097,160.816467,932.620361
111,0.462500,-0.017964,0.019346,-0.417302,-0.908384,705.847046,28.951715,13.625507,0.050395,0.080747,-0.250766,-0.963357,977.662964,500.950500,39.462616,-0.007084,-0.050473,0.433798,0.899567,808.862671,162.206497,932.510437
112,0.466667,-0.017851,0.019215,-0.417280,-0.908399,705.861755,28.954651,13.632318,0.051157,0.078263,-0.248609,-0.964081,979.521484,506.267303,39.541779,-0.006960,-0.050141,0.434203,0.899392,809.235901,163.620148,932.296692
113,0.470833,-0.017741,0.019009,-0.417262,-0.908414,705.869141,28.964289,13.626031,0.051985,0.077206,-0.246355,-0.964700,981.351257,511.583801,39.579556,-0.007474,-0.049565,0.434501,0.899275,809.549500,165.104507,932.146851
114,0.475000,-0.017540,0.018749,-0.417231,-0.908438,705.890320,28.968851,13.618145,0.052547,0.077169,-0.244338,-0.965185,983.145020,516.897461,39.595280,-0.008434,-0.049586,0.434569,0.899233,809.893860,166.540405,931.838440
115,0.479167,-0.017359,0.018518,-0.417189,-0.908465,705.907166,28.973309,13.608219,0.053354,0.078249,-0.243273,-0.965323,984.786865,522.206909,39.630222,-0.008793,-0.048999,0.434923,0.899090,810.244751,168.076324,931.724915
116,0.483333,-0.017211,0.018324,-0.417137,-0.908496,705.932007,28.978661,13.602015,0.056267,0.082278,-0.240820,-0.965438,986.581238,527.367737,39.445770,-0.008690,-0.049036,0.435245,0.898934,810.603394,169.594345,931.538391
117,0.487500,-0.017077,0.018097,-0.417136,-0.908503,705.949829,28.989986,13.595197,0.058044,0.083637,-0.239078,-0.965649,988.289307,532.403992,39.452686,-0.008951,-0.048885,0.435425,0.898852,811.056396,171.026047,931.274170
118,0.491667,-0.016867,0.017842,-0.417112,-0.908523,705.964050,29.001091,13.596684,0.059410,0.084433,-0.237017,-0.966004,990.019470,537.290527,39.435760,-0.009378,-0.048406,0.435717,0.898732,811.351685,172.695328,931.028992
119,0.495833,-0.016672,0.017588,-0.417091,-0.908542,705.984131,28.999672,13.587288,0.060574,0.084366,-0.235266,-0.966366,991.789185,542.189331,39.370796,-0.010449,-0.047882,0.435959,0.898631,811.739868,174.357956,930.686584
120,0.500000,-0.016543,0.017383,-0.417033,-0.908574,706.000183,29.008667,13.581749,0.061582,0.084406,-0.233627,-0.966696,993.449951,546.860901,39.415466,-0.010689,-0.047312,0.436082,0.898599,812.144043,175.946045,930.570312
121,0.504167,-0.016460,0.017220,-0.416976,-0.908605,706.018677,29.008083,13.580104,0.062517,0.085070,-0.232231,-0.966914,995.102112,551.502625,39.427288,-0.011165,-0.047182,0.436357,0.898467,812.566528,177.613815,930.179443
122,0.508333,-0.016407,0.017053,-0.416944,-0.908624,706.036011,29.006500,13.586383,0.063133,0.084208,-0.230613,-0.967337,996.757935,555.947937,39.515934,-0.011890,-0.046764,0.436441,0.898438,812.977905,179.370972,929.961365
123,0.512500,-0.016087,0.016645,-0.416940,-0.908639,706.039001,29.041143,13.540968,0.064135,0.085980,-0.228609,-0.967591,998.528992,560.284546,39.557167,-0.012547,-0.046268,0.436658,0.898349,813.421387,181.072998,929.514221
124,0.516667,-0.015906,0.016323,-0.416942,-0.908647,706.055054,29.054779,13.518912,0.065019,0.086077,-0.227375,-0.967814,1000.217896,564.374268,39.725563,-0.012249,-0.045641,0.436834,0.898300,813.968872,182.713974,929.410156
125,0.520833,-0.015743,0.016091,-0.416934,-0.908658,706.058533,29.033321,13.531169,0.065177,0.084191,-0.226732,-0.968120,1001.766296,568.382874,39.851673,-0.013610,-0.045049,0.436880,0.898288,814.357910,184.558624,928.908081
126,0.525000,-0.015685,0.015860,-0.416922,-0.908668,706.070435,29.028126,13.531351,0.065807,0.083772,-0.225849,-0.968320,1003.355652,572.272522,39.869118,-0.013065,-0.044973,0.437142,0.898172,814.902771,186.272736,928.636108
127,0.529167,-0.015502,0.015672,-0.416860,-0.908703,706.106995,29.034801,13.517550,0.066426,0.084210,-0.225291,-0.968370,1004.926453,576.033203,39.827213,-0.014133,-0.044332,0.437120,0.898199,815.317017,188.192352,928.248718
128,0.533333,-0.015350,0.015443,-0.416859,-0.908710,706.131592,29.037189,13.504576,0.067157,0.083895,-0.225323,-0.968339,1006.428345,579.621460,39.811497,-0.014787,-0.044285,0.437454,0.898028,815.798462,190.105164,927.766724
129,0.537500,-0.015113,0.015245,-0.416816,-0.908738,706.150757,29.028627,13.502455,0.067913,0.084329,-0.225631,-0.968177,1007.908325,583.013000,39.795643,-0.015252,-0.043291,0.437444,0.898074,816.327759,192.024628,927.622803
130,0.541667,-0.014931,0.015033,-0.416806,-0.908749,706.162476,29.022112,13.487634,0.068928,0.085062,-0.226428,-0.967855,1009.383789,586.222656,39.735023,-0.015447,-0.043568,0.437618,0.897972,816.830261,193.922043,927.164856
131,0.545833,-0.014806,0.014866,-0.416819,-0.908747,706.170044,29.018776,13.475486,0.070089,0.086735,-0.227828,-0.967295,1010.841736,589.313171,39.626709,-0.015859,-0.042728,0.437658,0.897986,817.376282,195.901505,926.850281
132,0.550000,-0.014658,0.014723,-0.416854,-0.908736,706.172913,29.012424,13.464830,0.071615,0.088304,-0.229925,-0.966544,1012.296570,592.200134,39.396793,-0.015067,-0.042673,0.437899,0.897884,818.016418,197.752151,926.692322
133,0.554167,-0.014444,0.014498,-0.416895,-0.908724,706.169922,29.002218,13.448613,0.073097,0.090319,-0.232913,-0.965531,1013.711426,594.880676,39.109463,-0.017020,-0.041642,0.437748,0.897971,818.518311,199.875610,926.121948
134,0.558333,-0.014290,0.014364,-0.416945,-0.908706,706.166504,28.995564,13.435872,0.076220,0.090613,-0.235103,-0.964731,1014.885559,597.297363,38.892727,-0.015726,-0.041676,0.438007,0.897867,819.167847,201.825745,925.931641
135,0.562500,-0.014246,0.014360,-0.416993,-0.908685,706.145752,28.991499,13.410068,0.078810,0.092874,-0.239267,-0.963284,1016.255615,599.605835,38.407284,-0.017614,-0.041204,0.437817,0.897947,819.746826,204.034546,925.331482
136,0.566667,-0.014151,0.014266,-0.417085,-0.908645,706.135437,28.983139,13.401560,0.081634,0.095628,-0.244164,-0.961548,1017.665649,601.632812,37.893036,-0.017793,-0.044003,0.437928,0.897757,820.290466,206.183472,924.270386
137,0.570833,-0.013848,0.014053,-0.417210,-0.908596,706.130371,28.977531,13.384675,0.083885,0.097244,-0.249948,-0.959705,1019.058350,603.537048,37.335056,-0.018365,-0.044135,0.437708,0.897845,820.863831,208.350723,923.563782
138,0.575000,-0.013609,0.013858,-0.417330,-0.908547,706.121948,28.963827,13.367620,0.084912,0.096073,-0.255701,-0.958216,1020.481079,605.253235,36.896400,-0.018910,-0.043932,0.437680,0.897858,821.498718,210.546173,923.044006
139,0.579167,-0.013440,0.013703,-0.417511,-0.908469,706.111938,28.929863,13.346891,0.084689,0.094136,-0.261131,-0.956962,1021.953613,606.682739,36.555206,-0.019554,-0.044129,0.437673,0.897838,822.165833,212.810043,922.533813
140,0.583333,-0.013244,0.013615,-0.417686,-0.908393,706.091858,28.915297,13.327600,0.083543,0.092239,-0.266727,-0.955703,1023.573853,607.856812,36.175655,-0.020232,-0.042894,0.437406,0.898013,822.892029,214.982193,921.970459
141,0.587500,-0.012944,0.013467,-0.417810,-0.908342,706.068237,28.919086,13.305378,0.083037,0.091950,-0.273485,-0.953864,1025.136597,609.025330,36.092167,-0.018620,-0.042783,0.437747,0.897887,823.673645,217.202087,921.873291
142,0.591667,-0.012635,0.013402,-0.417855,-0.908327,706.059814,28.926563,13.287785,0.079343,0.088371,-0.278970,-0.952928,1026.751587,609.301636,35.194191,-0.020512,-0.043384,0.437699,0.897840,824.404480,219.665176,921.155273
143,0.595833,-0.012320,0.013269,-0.417956,-0.908287,706.038879,28.941183,13.277708,0.076358,0.086904,-0.285957,-0.951234,1028.431274,609.688904,34.724068,-0.019217,-0.042850,0.438142,0.897678,825.245239,221.990005,921.127380
144,0.600000,-0.011938,0.013072,-0.418116,-0.908221,706.009521,28.942913,13.266368,0.072870,0.084630,-0.292920,-0.949592,1030.035522,609.918091,34.291145,-0.020824,-0.042634,0.437982,0.897731,826.094788,224.460098,920.513184
145,0.604167,-0.011520,0.012786,-0.418356,-0.908120,705.971863,28.954227,13.247681,0.069475,0.083750,-0.299689,-0.947811,1031.698608,610.101562,33.801800,-0.021966,-0.043677,0.438118,0.897587,826.889343,227.005157,919.889221
146,0.608333,-0.011012,0.012544,-0.418570,-0.908031,705.945435,28.971254,13.229978,0.066981,0.078051,-0.305251,-0.946702,1033.776367,609.976013,32.810059,-0.022101,-0.042905,0.438100,0.897630,827.757507,229.390106,919.395447
147,0.612500,-0.010401,0.012245,-0.418794,-0.907939,705.923645,28.993137,13.210777,0.066660,0.074503,-0.307766,-0.946195,1035.252441,609.889526,32.163063,-0.021867,-0.042973,0.438487,0.897443,828.693420,231.898453,919.074524
148,0.616667,-0.009826,0.012129,-0.418926,-0.907886,705.906067,28.997375,13.211659,0.065708,0.071915,-0.310167,-0.945678,1036.885498,609.855408,31.495884,-0.021900,-0.043353,0.438932,0.897206,829.651245,234.497849,918.721741
149,0.620833,-0.009265,0.012156,-0.419057,-0.907831,705.900085,29.015182,13.218088,0.064858,0.068214,-0.311117,-0.945699,1038.465454,609.957520,30.862137,-0.022027,-0.043010,0.439386,0.896998,830.643799,237.057205,918.410950
150,0.625000,-0.008464,0.012091,-0.419186,-0.907780,705.897583,29.028137,13.226184,0.062901,0.062801,-0.312336,-0.945804,1040.127563,610.264404,30.047152,-0.025350,-0.037157,0.437349,0.898167,831.378357,239.671585,918.140259
151,0.629167,-0.007567,0.011885,-0.419397,-0.907693,705.903625,29.065559,13.242311,0.060305,0.058855,-0.312381,-0.946212,1041.561646,610.884888,29.475729,-0.026811,-0.035667,0.437342,0.898188,832.413513,242.055481,917.722473
152,0.633333,-0.006589,0.011325,-0.419645,-0.907594,705.907593,29.072592,13.207965,0.057527,0.056735,-0.313899,-0.946012,1042.698364,611.389343,28.933748,-0.027179,-0.035235,0.437697,0.898021,833.450562,244.401138,917.322876
153,0.637500,-0.005276,0.010415,-0.420110,-0.907398,705.878967,29.140791,13.173012,0.054537,0.056135,-0.315440,-0.945713,1043.540405,611.739380,28.423517,-0.025550,-0.034365,0.438259,0.897828,834.505859,246.829773,917.600464
154,0.641667,-0.003824,0.009577,-0.420637,-0.907170,705.858887,29.240934,13.172474,0.052483,0.055181,-0.316616,-0.945492,1044.078125,612.208923,28.018766,-0.024911,-0.034656,0.439126,0.897411,835.645142,249.511078,917.088867
155,0.645833,-0.002689,0.009152,-0.421089,-0.906969,705.847290,29.313025,13.218324,0.050495,0.054405,-0.317845,-0.945233,1044.379761,612.714478,27.496260,-0.021320,-0.034123,0.440293,0.896952,836.777649,252.070816,917.240356
156,0.650000,-0.000955,0.008541,-0.421474,-0.906800,705.827942,29.319435,13.295606,0.048263,0.052977,-0.319067,-0.945019,1044.599121,613.225159,26.863224,-0.021273,-0.034222,0.440885,0.896659,837.927002,254.828308,916.761108
157,0.654167,-0.000432,0.008595,-0.422077,-0.906519,705.840820,29.432316,13.325247,0.046043,0.051791,-0.319739,-0.944968,1044.781860,613.576050,26.210155,-0.021132,-0.033927,0.441447,0.896397,839.199280,257.440002,916.376221
158,0.658333,0.001233,0.007985,-0.422560,-0.906299,705.829529,29.533857,13.405979,0.043435,0.049938,-0.319623,-0.945231,1044.977173,613.822388,25.550819,-0.020558,-0.033536,0.442277,0.896015,840.366516,260.276733,916.064941
159,0.662500,0.002980,0.007367,-0.423092,-0.906052,705.827942,29.643785,13.504132,0.041207,0.050463,-0.318708,-0.945611,1045.116455,613.919922,25.072132,-0.019690,-0.033433,0.443109,0.895628,841.620972,263.043701,915.792786
160,0.666667,0.004912,0.006469,-0.423912,-0.905667,705.829895,29.763597,13.588458,0.039767,0.052843,-0.318290,-0.945684,1045.092163,614.128296,24.948681,-0.019556,-0.033446,0.443828,0.895274,842.975525,265.703186,915.367493
161,0.670833,0.007303,0.005607,-0.424584,-0.905342,705.846191,29.893013,13.642585,0.038363,0.055359,-0.320131,-0.944976,1045.277344,614.613892,24.501575,-0.018458,-0.033425,0.444777,0.894827,844.223450,268.570221,915.170959
162,0.675000,0.009792,0.004581,-0.425306,-0.904985,705.845215,30.025167,13.718378,0.035898,0.053411,-0.319539,-0.945385,1045.527222,614.582642,23.808756,-0.018970,-0.033924,0.445479,0.894448,845.677002,271.249084,914.729797
163,0.679167,0.012346,0.003482,-0.426030,-0.904618,705.846252,30.158375,13.816855,0.033447,0.052385,-0.319150,-0.945664,1045.670898,614.513916,23.168440,-0.018193,-0.033998,0.446457,0.893974,846.974243,274.131683,914.495239
164,0.683333,0.014280,0.003037,-0.426669,-0.904290,705.822388,30.223589,14.033102,0.030988,0.051433,-0.318939,-0.945871,1045.728271,614.464478,22.514761,-0.019491,-0.034664,0.446969,0.893665,848.511108,276.801849,913.855469
165,0.687500,0.017053,0.001977,-0.427598,-0.903806,705.806030,30.308823,14.164089,0.028642,0.051714,-0.318593,-0.946046,1045.720093,614.383423,22.002647,-0.019105,-0.034719,0.448037,0.893136,849.856201,279.737488,913.601379
166,0.691667,0.020023,0.000960,-0.428376,-0.903378,705.802795,30.398376,14.327417,0.025886,0.050123,-0.318310,-0.946307,1045.761353,614.278748,21.366581,-0.019365,-0.034543,0.448778,0.892765,851.401001,282.401611,913.333008
167,0.695833,0.023632,-0.000489,-0.429080,-0.902957,705.823914,30.462749,14.543831,0.023171,0.049102,-0.317937,-0.946556,1045.771240,614.124268,20.742708,-0.019026,-0.035622,0.449843,0.892194,852.806091,285.384064,912.914062
168,0.700000,0.027030,-0.001544,-0.429358,-0.902728,705.871155,30.477411,14.817058,0.020433,0.046743,-0.317282,-0.946958,1045.813843,613.948181,20.039476,-0.018444,-0.034897,0.450801,0.891752,854.346252,288.051239,912.926147
169,0.704167,0.029891,-0.002102,-0.429525,-0.902558,705.871155,30.537180,15.122686,0.017942,0.045485,-0.316612,-0.947294,1045.811646,613.768616,19.492704,-0.018091,-0.035607,0.451656,0.891298,855.866028,290.894806,912.722351
170,0.708333,0.032826,-0.002551,-0.430106,-0.902178,705.849731,30.599234,15.464511,0.015731,0.045023,-0.315885,-0.947598,1045.781738,613.592407,19.000225,-0.017271,-0.036191,0.452779,0.890721,857.418213,293.726135,912.562866
171,0.712500,0.035164,-0.002466,-0.431001,-0.901663,705.809631,30.658871,15.799063,0.013381,0.043968,-0.315237,-0.947900,1045.756226,613.445251,18.444439,-0.016552,-0.037011,0.453723,0.890220,858.972900,296.561249,912.323853
172,0.716667,0.036983,-0.001563,-0.432115,-0.901059,705.773926,30.729652,16.124104,0.011002,0.043000,-0.314598,-0.948187,1045.708496,613.338379,17.901785,-0.016357,-0.037727,0.454771,0.889659,860.556274,299.408234,912.262817
173,0.720833,0.038916,-0.000769,-0.433247,-0.900434,705.783691,30.847412,16.492580,0.008843,0.042624,-0.313932,-0.948447,1045.637695,613.230713,17.388597,-0.016343,-0.038373,0.455608,0.889203,862.143188,302.228333,912.211609
174,0.725000,0.041043,-0.000282,-0.434045,-0.899956,705.812683,30.974888,16.922325,0.006571,0.042773,-0.313358,-0.948649,1045.560913,613.128845,16.943903,-0.016322,-0.039284,0.456528,0.888691,863.750854,305.093048,912.059143
175,0.729167,0.043480,0.000800,-0.434954,-0.899402,705.795837,31.103228,17.393082,0.004218,0.042954,-0.312814,-0.948833,1045.543579,613.015869,16.509975,-0.017065,-0.039617,0.457352,0.888239,865.373596,307.910217,911.970947
176,0.733333,0.045590,0.002164,-0.435829,-0.898872,705.790527,31.229395,17.852150,0.001754,0.042785,-0.312114,-0.949079,1045.532837,612.890869,16.092644,-0.016743,-0.040238,0.458145,0.887809,866.994690,310.752472,911.975098
177,0.737500,0.047926,0.003396,-0.437081,-0.898138,705.808472,31.391233,18.332481,-0.000623,0.042730,-0.311788,-0.949190,1045.506470,612.843384,15.705132,-0.016735,-0.040782,0.459016,0.887334,868.678711,313.571289,911.990356
178,0.741667,0.050598,0.004465,-0.438527,-0.897282,705.824158,31.560455,18.841604,-0.002823,0.041815,-0.310807,-0.949549,1045.510254,612.690247,15.281018,-0.016619,-0.041124,0.459808,0.886910,870.348938,316.478271,912.044067
179,0.745833,0.053261,0.005574,-0.440024,-0.896388,705.863953,31.734209,19.329035,-0.004436,0.041940,-0.310259,-0.949716,1045.519531,612.598145,14.940923,-0.015870,-0.040727,0.460424,0.886622,872.027039,319.240082,912.022644
180,0.750000,0.056006,0.007103,-0.441460,-0.895503,705.898621,31.940578,19.865324,-0.005550,0.042984,-0.309977,-0.949756,1045.601685,612.542297,14.716044,-0.015878,-0.040774,0.461028,0.886306,873.624329,322.129395,912.119324
181,0.754167,0.058470,0.008621,-0.442617,-0.894761,705.921753,32.190815,20.373848,-0.006718,0.043807,-0.310114,-0.949666,1045.706543,612.506470,14.501468,-0.016278,-0.039880,0.461456,0.886117,875.337158,324.887848,912.122498
182,0.758333,0.060604,0.010721,-0.443968,-0.893927,705.971680,32.527843,20.930899,-0.007968,0.044302,-0.310650,-0.949458,1045.824829,612.508911,14.316051,-0.017250,-0.039462,0.461941,0.885864,877.083008,327.738678,912.264221
183,0.762500,0.062477,0.012940,-0.445457,-0.893027,706.056274,32.879147,21.471012,-0.009070,0.044784,-0.311726,-0.949073,1045.946167,612.575989,14.140392,-0.017869,-0.040299,0.462783,0.885375,878.892883,330.593506,912.534546
184,0.766667,0.065104,0.014802,-0.446950,-0.892064,706.141052,33.220676,22.116673,-0.009956,0.043230,-0.312701,-0.948815,1046.153442,612.647827,13.964190,-0.017758,-0.040831,0.463437,0.885010,880.668518,333.480438,912.691956
185,0.770833,0.067335,0.016962,-0.448538,-0.891062,706.254578,33.557552,22.710596,-0.010523,0.041543,-0.313438,-0.948641,1046.420898,612.707214,13.824454,-0.018286,-0.040572,0.463994,0.884720,882.465027,336.262970,912.910095
186,0.775000,0.069362,0.019567,-0.450399,-0.889914,706.364807,33.974716,23.325497,-0.010873,0.040828,-0.314530,-0.948307,1046.635132,612.815857,13.737585,-0.021255,-0.041763,0.464656,0.884251,884.203186,339.241974,912.989807
187,0.779167,0.071302,0.021987,-0.452364,-0.888707,706.488525,34.417053,23.871479,-0.011100,0.040227,-0.315511,-0.948004,1046.844116,612.942200,13.666775,-0.019456,-0.041930,0.465291,0.883950,886.082703,341.919403,913.401855
188,0.783333,0.073653,0.024291,-0.454611,-0.887307,706.647217,34.939651,24.486135,-0.011232,0.039048,-0.316378,-0.947763,1047.007446,613.049133,13.618239,-0.020004,-0.042377,0.465787,0.883655,887.846619,344.679108,913.713623
189,0.787500,0.075960,0.026529,-0.457022,-0.885809,706.807556,35.465229,25.101036,-0.011146,0.038012,-0.316972,-0.947607,1047.189819,613.134094,13.577603,-0.019259,-0.043063,0.466379,0.883326,889.639038,347.405579,914.025574
190,0.791667,0.077932,0.028548,-0.459319,-0.884385,706.995300,36.039253,25.684759,-0.011086,0.037041,-0.317670,-0.947413,1047.333252,613.229431,13.577076,-0.019273,-0.043479,0.466812,0.883077,891.409973,350.103668,914.427795
191,0.795833,0.079833,0.031022,-0.461951,-0.882760,707.198792,36.723518,26.347851,-0.011007,0.036298,-0.318615,-0.947125,1047.405518,613.347778,13.621557,-0.018859,-0.043987,0.467368,0.882766,893.212097,352.736115,914.808167
192,0.800000,0.082453,0.032680,-0.465069,-0.880820,707.485779,37.459995,27.021229,-0.010808,0.034923,-0.319563,-0.946860,1047.489502,613.457947,13.652407,-0.018741,-0.044638,0.467746,0.882536,895.000244,355.356110,915.264404
193,0.804167,0.085719,0.034591,-0.468967,-0.878365,707.707642,38.101780,27.558670,-0.010701,0.033679,-0.320333,-0.946646,1047.632568,613.550659,13.668556,-0.018990,-0.044890,0.468200,0.882277,896.735291,358.019745,915.821228
194,0.808333,0.087765,0.036813,-0.473306,-0.875742,707.919800,38.872513,28.136112,-0.010565,0.032632,-0.321034,-0.946446,1047.783813,613.629639,13.674148,-0.018368,-0.045117,0.468478,0.882131,898.555054,360.478577,916.429077
195,0.812500,0.089840,0.038773,-0.478190,-0.872788,708.095459,39.789036,28.876263,-0.010486,0.031622,-0.321704,-0.946254,1047.907715,613.707764,13.695261,-0.018089,-0.045845,0.468975,0.881835,900.340820,362.994080,916.989685
196,0.816667,0.092016,0.040596,-0.482907,-0.869877,708.312561,40.687428,29.574100,-0.010401,0.030606,-0.322390,-0.946055,1047.996582,613.767456,13.706622,-0.017202,-0.046183,0.469225,0.881702,902.100586,365.452179,917.542786
197,0.820833,0.095191,0.041345,-0.487399,-0.866990,708.562683,41.695683,30.251350,-0.010385,0.029773,-0.323135,-0.945827,1048.067383,613.831665,13.721800,-0.017157,-0.047002,0.469667,0.881424,903.874756,367.927795,918.150818
198,0.825000,0.098335,0.042311,-0.491948,-0.864018,708.873047,42.675182,30.826225,-0.010378,0.029101,-0.323822,-0.945613,1048.141968,613.877197,13.735953,-0.017535,-0.047449,0.469988,0.881222,905.649048,370.381622,918.743225
199,0.829167,0.102390,0.042913,-0.496206,-0.861077,709.226685,43.793495,31.529621,-0.010315,0.028495,-0.324303,-0.945468,1048.227905,613.897461,13.736415,-0.017503,-0.047712,0.470315,0.881034,907.436829,372.764832,919.341248
200,0.833333,0.105892,0.043414,-0.500605,-0.858078,709.672119,45.015003,32.282082,-0.010274,0.027789,-0.324737,-0.945340,1048.284668,613.922180,13.748981,-0.016807,-0.047790,0.470800,0.880784,909.212830,375.130127,920.105713
201,0.837500,0.109242,0.043797,-0.504717,-0.855224,710.156006,46.259418,32.925991,-0.010228,0.027203,-0.325100,-0.945233,1048.340698,613.938477,13.759928,-0.016902,-0.047675,0.470974,0.880696,911.018677,377.477753,920.716614
202,0.841667,0.111075,0.044910,-0.508759,-0.852532,710.696289,47.505611,33.521069,-0.010235,0.026614,-0.325426,-0.945138,1048.377563,613.952209,13.767935,-0.017272,-0.047886,0.471152,0.880582,912.876465,379.841888,921.217957
203,0.845833,0.113365,0.044917,-0.513100,-0.849623,711.224854,48.696484,34.156513,-0.010211,0.026141,-0.325595,-0.945093,1048.410889,613.954590,13.774315,-0.017355,-0.047928,0.471302,0.880498,914.670715,382.178528,921.752014
204,0.850000,0.115720,0.045107,-0.517698,-0.846501,711.754639,50.070564,34.766754,-0.010257,0.025665,-0.325823,-0.945027,1048.439209,613.962402,13.770952,-0.017868,-0.048209,0.471529,0.880350,916.573792,384.527802,922.163025
205,0.854167,0.117866,0.045942,-0.522234,-0.843367,712.261353,51.505989,35.322666,-0.010268,0.025292,-0.325977,-0.944984,1048.450806,613.961548,13.766187,-0.017920,-0.047059,0.471149,0.880615,918.503967,386.739197,922.553833
206,0.858333,0.120642,0.045668,-0.526886,-0.840090,712.698303,52.986771,36.011326,-0.010325,0.024985,-0.326085,-0.944954,1048.478271,613.965942,13.760546,-0.017675,-0.046733,0.471245,0.880586,920.381897,389.030151,923.128906
207,0.862500,0.123273,0.045864,-0.531591,-0.836727,713.112671,54.455524,36.611324,-0.010238,0.024496,-0.326174,-0.944937,1048.503540,613.980652,13.737499,-0.018406,-0.046254,0.471268,0.880584,922.252686,391.330200,923.697144
208,0.866667,0.125978,0.045627,-0.536222,-0.833375,713.540039,55.972275,37.201271,-0.010182,0.023969,-0.326205,-0.944940,1048.529663,613.997375,13.722775,-0.018574,-0.045322,0.471043,0.880749,924.209900,393.476410,924.112244
209,0.870833,0.129627,0.044575,-0.540744,-0.829943,713.998535,57.633850,37.893997,-0.010157,0.023557,-0.326218,-0.944946,1048.551514,614.011841,13.718964,-0.019687,-0.045181,0.471070,0.880718,926.102356,395.768616,924.605896
210,0.875000,0.132699,0.043356,-0.545162,-0.826625,714.477234,59.327259,38.542725,-0.010169,0.023235,-0.326154,-0.944976,1048.571167,614.011169,13.712744,-0.018855,-0.044197,0.470750,0.880957,927.994507,397.837250,925.004211
211,0.879167,0.135363,0.042592,-0.549376,-0.823437,714.883545,61.020805,39.152466,-0.010128,0.022819,-0.326082,-0.945012,1048.604492,614.017334,13.710621,-0.019273,-0.042793,0.470465,0.881170,929.878235,399.962097,925.434082
212,0.883333,0.138254,0.042143,-0.553458,-0.820240,715.309753,62.755661,39.687023,-0.010041,0.022356,-0.326138,-0.945005,1048.623291,614.060364,13.692288,-0.019307,-0.042171,0.470491,0.881185,931.650269,402.141205,926.028381
213,0.887500,0.141100,0.041327,-0.557165,-0.817282,715.756409,64.545540,40.232208,-0.010017,0.021925,-0.326113,-0.945023,1048.657959,614.084961,13.681403,-0.019850,-0.040986,0.470255,0.881355,933.481079,404.176941,926.449463
214,0.891667,0.144066,0.040413,-0.561044,-0.814151,716.201233,66.423386,40.761585,-0.010066,0.021525,-0.326145,-0.945021,1048.696533,614.113281,13.677199,-0.020957,-0.040102,0.469931,0.881543,935.372437,406.115601,926.697693
215,0.895833,0.146671,0.039142,-0.564607,-0.811280,716.615967,68.380569,41.311089,-0.009990,0.020994,-0.326119,-0.945043,1048.741089,614.137268,13.668595,-0.021489,-0.039041,0.469953,0.881566,937.036194,408.226776,927.371765
216,0.900000,0.149342,0.037737,-0.567999,-0.808486,716.987122,70.413689,41.875935,-0.009894,0.020439,-0.326179,-0.945035,1048.788818,614.172119,13.661002,-0.022235,-0.038356,0.469699,0.881713,938.878662,410.057373,927.521606
217,0.904167,0.152468,0.035946,-0.571064,-0.805821,717.345703,72.536385,42.488258,-0.009896,0.019927,-0.326195,-0.945041,1048.838257,614.203247,13.661656,-0.023572,-0.037836,0.469599,0.881753,940.605591,412.024231,927.932251
218,0.908333,0.154729,0.034310,-0.574251,-0.803192,717.721313,74.715088,43.090424,-0.009876,0.019457,-0.326233,-0.945038,1048.892700,614.229919,13.656898,-0.023694,-0.037115,0.469610,0.881775,942.252136,413.943298,928.294495
219,0.912500,0.156919,0.032359,-0.577306,-0.800654,718.089844,77.007553,43.687103,-0.009854,0.018991,-0.326226,-0.945050,1048.945435,614.257507,13.652038,-0.024886,-0.036727,0.469447,0.881845,943.989136,415.694977,928.502319
220,0.916667,0.158922,0.030583,-0.580688,-0.797878,718.478699,79.316162,44.299633,-0.009855,0.018478,-0.326248,-0.945052,1048.988281,614.285522,13.660311,-0.025802,-0.036866,0.469698,0.881680,945.580322,417.483215,928.925232
221,0.920833,0.160601,0.028782,-0.583842,-0.795303,718.932739,81.708885,44.891808,-0.009885,0.018082,-0.326265,-0.945054,1049.026245,614.309937,13.660410,-0.026218,-0.036812,0.470090,0.881461,946.994873,419.371887,929.658020
222,0.925000,0.162680,0.026469,-0.586862,-0.792734,719.450195,84.164154,45.434246,-0.009902,0.017676,-0.326378,-0.945022,1049.038818,614.337646,13.652537,-0.027213,-0.036539,0.470169,0.881400,948.564270,421.133850,929.954651
223,0.929167,0.164024,0.024222,-0.589916,-0.790259,719.945312,86.717247,46.061096,-0.009860,0.017296,-0.326432,-0.945011,1049.057495,614.353516,13.653990,-0.028634,-0.036217,0.470053,0.881430,950.221436,422.734894,930.085022
224,0.933333,0.166358,0.020426,-0.592716,-0.787779,720.604614,89.217087,46.626293,-0.009858,0.016990,-0.326414,-0.945023,1049.071045,614.359680,13.643573,-0.028470,-0.035606,0.470323,0.881316,951.616577,424.404327,930.507141
225,0.937500,0.166149,0.017209,-0.595938,-0.785466,721.125427,91.975540,47.401077,-0.009813,0.016751,-0.326399,-0.945033,1049.068237,614.359192,13.642752,-0.029710,-0.035671,0.470664,0.881090,953.028076,426.079285,931.050537
226,0.941667,0.166450,0.012574,-0.598312,-0.783683,721.700012,94.861855,48.118450,-0.009785,0.016443,-0.326347,-0.945056,1049.058105,614.360840,13.640865,-0.030679,-0.034815,0.470604,0.881124,954.470825,427.676819,931.307129
227,0.945833,0.167863,0.006467,-0.599395,-0.782628,722.446960,97.737709,48.776062,-0.009796,0.016280,-0.326286,-0.945080,1049.055298,614.369873,13.645690,-0.031029,-0.033911,0.470736,0.881076,955.954529,429.126343,931.456238
228,0.950000,0.166283,0.002360,-0.600748,-0.781950,723.113647,101.177795,49.472664,-0.009827,0.016054,-0.326206,-0.945111,1049.065674,614.369995,13.640267,-0.031971,-0.033301,0.470837,0.881012,957.270203,430.685242,931.903259
229,0.954167,0.167611,-0.003256,-0.599947,-0.782279,724.056885,104.555252,49.873981,-0.009802,0.015835,-0.326205,-0.945116,1049.065918,614.379211,13.644700,-0.032784,-0.032959,0.471059,0.880876,958.667175,432.197449,932.186340
230,0.958333,0.166064,-0.007560,-0.598975,-0.783323,724.880859,108.395256,50.390285,-0.009847,0.015634,-0.326149,-0.945138,1049.065674,614.386658,13.653354,-0.033408,-0.032331,0.471250,0.880774,959.985596,433.659607,932.468689
231,0.962500,0.161728,-0.008677,-0.597366,-0.785444,725.798767,112.626152,50.741829,-0.009818,0.015447,-0.326064,-0.945171,1049.076416,614.388489,13.649343,-0.034400,-0.031361,0.471209,0.880792,961.321045,435.084351,932.668091
232,0.966667,0.161291,-0.012547,-0.593085,-0.788719,727.069824,116.771019,50.828945,-0.009733,0.015233,-0.326002,-0.945196,1049.079102,614.382996,13.648975,-0.034304,-0.030096,0.471307,0.880788,962.613831,436.493530,932.963867
233,0.970833,0.157431,-0.013413,-0.588734,-0.792735,728.336853,121.371056,50.954800,-0.009931,0.015192,-0.325886,-0.945235,1049.089478,614.414795,13.682407,-0.035127,-0.029638,0.471538,0.880647,963.856201,437.937653,933.276306
234,0.975000,0.151539,-0.013310,-0.584367,-0.797104,729.616211,126.297775,51.037708,-0.010034,0.015038,-0.325798,-0.945267,1049.096313,614.408813,13.707737,-0.035599,-0.028562,0.471484,0.880692,965.094604,439.265289,933.557739
235,0.979167,0.147638,-0.014223,-0.578744,-0.801908,731.134521,131.303345,50.978256,-0.010122,0.014874,-0.325761,-0.945281,1049.103882,614.394775,13.732618,-0.035428,-0.027335,0.471514,0.880722,966.267700,440.598267,933.882263
236,0.983333,0.142766,-0.014021,-0.572855,-0.807006,732.739136,136.452286,50.859550,-0.010169,0.014636,-0.325691,-0.945308,1049.120605,614.388062,13.751560,-0.036522,-0.026371,0.471372,0.880783,967.470154,441.954407,934.049866
237,0.987500,0.137348,-0.013403,-0.566993,-0.812081,734.435364,141.670975,50.688408,-0.010265,0.014415,-0.325702,-0.945307,1049.131958,614.381470,13.781394,-0.036538,-0.025390,0.471535,0.880724,968.604980,443.288605,934.405396
238,0.991667,0.131813,-0.013142,-0.561250,-0.816977,736.193420,147.063782,50.382637,-0.010194,0.014045,-0.325698,-0.945315,1049.146118,614.384521,13.798244,-0.036707,-0.024352,0.471442,0.880796,969.747681,444.561676,934.623962
239,0.995833,0.126552,-0.012524,-0.555120,-0.821991,738.077576,152.536636,50.107590,-0.010144,0.013642,-0.325687,-0.945325,1049.157959,614.400085,13.810754,-0.036938,-0.023791,0.471375,0.880838,970.857849,445.844330,934.834778
240,1.000000,0.120771,-0.012328,-0.549335,-0.826737,740.027954,158.111481,49.681835,-0.010033,0.013196,-0.325741,-0.945314,1049.174072,614.414856,13.816941,-0.037448,-0.022917,0.471295,0.880882,971.970520,447.128143,935.067932
241,1.004167,0.115646,-0.011668,-0.543139,-0.831559,742.028564,163.796616,49.255684,-0.009929,0.012789,-0.325705,-0.945333,1049.191772,614.431152,13.825807,-0.037380,-0.022020,0.471156,0.880982,973.014221,448.346130,935.399475
242,1.008333,0.110808,-0.011415,-0.536922,-0.836246,744.059265,169.451263,48.827824,-0.009895,0.012399,-0.325745,-0.945324,1049.215454,614.447998,13.838510,-0.037888,-0.021339,0.470955,0.881085,974.050537,449.577972,935.621338
243,1.012500,0.105548,-0.009875,-0.530995,-0.840718,746.126648,175.172440,48.337521,-0.009849,0.012002,-0.325734,-0.945334,1049.240479,614.458374,13.856483,-0.037994,-0.020201,0.470739,0.881222,975.090393,450.770325,935.836792
244,1.016667,0.100290,-0.008983,-0.525393,-0.844881,748.249023,180.893021,47.805408,-0.009751,0.011589,-0.325739,-0.945339,1049.268677,614.468811,13.870074,-0.038273,-0.019880,0.470699,0.881239,976.070801,451.975372,936.185974
245,1.020833,0.094645,-0.007016,-0.519519,-0.849172,750.358215,186.595596,47.233818,-0.009675,0.011200,-0.325713,-0.945353,1049.299316,614.485657,13.887240,-0.038588,-0.018646,0.470266,0.881484,977.085083,453.075470,936.303711
246,1.025000,0.089046,-0.004596,-0.513850,-0.853234,752.454346,192.248932,46.732082,-0.009565,0.010795,-0.325701,-0.945363,1049.322266,614.504639,13.910125,-0.038451,-0.017953,0.470027,0.881631,978.019897,454.221954,936.616211
247,1.029167,0.083801,-0.002195,-0.508111,-0.857202,754.573181,197.921432,46.064167,-0.009471,0.010341,-0.325682,-0.945376,1049.346802,614.518799,13.924387,-0.039010,-0.017421,0.469866,0.881703,978.974670,455.331635,936.742065
248,1.033333,0.078294,-0.000516,-0.503132,-0.860656,756.878906,203.472076,45.514862,-0.009380,0.009930,-0.325607,-0.945407,1049.369019,614.521790,13.941303,-0.038847,-0.016751,0.469584,0.881873,979.893372,456.417236,937.042847
249,1.037500,0.072196,0.002002,-0.497980,-0.864176,759.098755,209.008499,44.935421,-0.009363,0.009499,-0.325610,-0.945410,1049.391479,614.544067,13.959059,-0.039283,-0.016458,0.469318,0.882001,980.819641,457.441010,937.195129
250,1.041667,0.065930,0.004101,-0.493416,-0.867282,761.395081,214.499969,44.358429,-0.009275,0.009062,-0.325525,-0.945445,1049.420410,614.555542,13.974591,-0.039138,-0.015866,0.469043,0.882165,981.666382,458.507690,937.486267
251,1.045833,0.061044,0.005399,-0.488676,-0.870311,763.713867,219.862534,43.780155,-0.009239,0.008694,-0.325498,-0.945458,1049.447144,614.569275,13.983990,-0.038895,-0.014988,0.468721,0.882362,982.519043,459.437439,937.730408
252,1.050000,0.056569,0.007070,-0.483562,-0.873451,765.937439,225.270981,43.118839,-0.009816,0.007870,-0.324743,-0.945719,1049.449463,614.343018,13.835449,-0.038909,-0.014627,0.468512,0.882479,983.354309,460.490936,937.995972
253,1.054167,0.052782,0.008094,-0.479117,-0.876125,768.251709,230.420746,42.544067,-0.009722,0.007383,-0.324703,-0.945737,1049.472168,614.347229,13.854523,-0.038836,-0.013964,0.468218,0.882649,984.165588,461.424683,938.143311
254,1.058333,0.048745,0.009239,-0.475177,-0.878491,770.628845,235.415039,41.942062,-0.009660,0.006962,-0.324663,-0.945755,1049.496094,614.351257,13.876384,-0.039532,-0.014451,0.467920,0.882768,984.967041,462.461090,938.270569
255,1.062500,0.045411,0.010057,-0.471213,-0.880792,772.917175,240.371170,41.343136,-0.009631,0.006618,-0.324670,-0.945755,1049.530518,614.366821,13.893022,-0.039537,-0.014020,0.467590,0.882949,985.740479,463.392365,938.309143
256,1.066667,0.041811,0.011575,-0.467617,-0.882866,775.215759,245.140167,40.761600,-0.009566,0.006166,-0.324675,-0.945757,1049.557983,614.376099,13.903820,-0.039262,-0.013381,0.467209,0.883174,986.520447,464.231476,938.530090
257,1.070833,0.038550,0.012365,-0.464494,-0.884650,777.489502,249.818954,40.196678,-0.009470,0.005740,-0.324669,-0.945763,1049.583252,614.388916,13.920581,-0.039742,-0.013529,0.466981,0.883270,987.253540,465.243195,938.545166
258,1.075000,0.035263,0.013660,-0.461772,-0.886192,779.783508,254.408096,39.635441,-0.010282,0.003467,-0.325559,-0.945460,1049.510986,614.584045,13.802341,-0.039768,-0.013359,0.466627,0.883459,987.999695,465.998962,938.649048
259,1.079167,0.032203,0.014295,-0.459617,-0.887418,782.038818,258.912811,39.061447,-0.010269,0.003081,-0.325561,-0.945460,1049.545532,614.606018,13.806570,-0.039540,-0.013163,0.466313,0.883637,988.725525,466.906616,938.770386
260,1.083333,0.028973,0.015219,-0.457725,-0.888492,784.322021,263.338501,38.559834,-0.010162,0.002674,-0.325578,-0.945457,1049.571655,614.609558,13.810404,-0.039639,-0.013136,0.466062,0.883766,989.377625,467.814484,938.810181
261,1.087500,0.026150,0.015802,-0.455900,-0.889507,786.557434,267.675446,38.093853,-0.010152,0.002336,-0.325575,-0.945459,1049.604370,614.620728,13.822936,-0.039782,-0.013067,0.465623,0.883992,990.067749,468.545441,938.862061
262,1.091667,0.023108,0.016495,-0.454458,-0.890316,788.804688,271.915863,37.666454,-0.010076,0.001991,-0.325650,-0.945435,1049.615356,614.629700,13.832153,-0.039559,-0.013008,0.465254,0.884197,990.754822,469.421783,938.863586
263,1.095833,0.020354,0.016497,-0.453232,-0.891008,791.044983,276.098450,37.258163,-0.010026,0.001717,-0.325678,-0.945426,1049.639038,614.642273,13.851410,-0.039816,-0.012903,0.464847,0.884401,991.376587,470.171661,938.854370
264,1.100000,0.017297,0.017631,-0.451758,-0.891798,793.209961,280.137207,36.916580,-0.009944,0.001260,-0.325623,-0.945447,1049.668457,614.650024,13.847684,-0.040015,-0.013064,0.464395,0.884627,992.022156,470.943848,938.812317
265,1.104167,0.014560,0.017911,-0.450877,-0.892288,795.339661,284.069336,36.566536,-0.009831,0.000810,-0.325693,-0.945424,1049.688721,614.676392,13.837041,-0.039885,-0.013028,0.464077,0.884801,992.651062,471.758026,938.840942
266,1.108333,0.011932,0.018257,-0.450089,-0.892717,797.536377,287.996216,36.235668,-0.009682,0.000395,-0.325782,-0.945395,1049.700317,614.702209,13.823823,-0.040261,-0.013248,0.463641,0.885009,993.245178,472.481628,938.794067
267,1.112500,0.009494,0.018645,-0.449525,-0.893023,799.666870,291.761963,35.939934,-0.009594,0.000145,-0.325872,-0.945365,1049.706909,614.730835,13.817113,-0.040503,-0.013214,0.463234,0.885211,993.783386,473.319275,938.718262
268,1.116667,0.006945,0.019340,-0.448891,-0.893350,801.805359,295.429291,35.667099,-0.009512,-0.000230,-0.325945,-0.945341,1049.719238,614.740479,13.812141,-0.040354,-0.012680,0.462720,0.885495,994.418335,473.970703,938.679260
269,1.120833,0.004790,0.019363,-0.448600,-0.893510,803.937805,299.104706,35.337646,-0.009447,-0.000489,-0.325941,-0.945343,1049.733398,614.745422,13.819905,-0.040440,-0.012559,0.462308,0.885708,994.964050,474.667328,938.651978
270,1.125000,0.002987,0.019247,-0.448224,-0.893709,806.059631,302.675415,35.079548,-0.009474,-0.000742,-0.325918,-0.945350,1049.748901,614.745544,13.832973,-0.040388,-0.012378,0.461857,0.885948,995.485596,475.401184,938.703796
271,1.129167,0.000877,0.019407,-0.448012,-0.893816,808.082825,306.155548,34.854790,-0.009462,-0.000976,-0.325959,-0.945336,1049.764893,614.745605,13.844463,-0.040194,-0.011496,0.461387,0.886214,996.004272,476.079681,938.689575
272,1.133333,-0.000858,0.019272,-0.447448,-0.894102,810.103455,309.576508,34.624706,-0.009469,-0.001238,-0.326003,-0.945321,1049.779907,614.746277,13.851771,-0.040680,-0.011389,0.460999,0.886394,996.497620,476.772278,938.604187
273,1.137500,-0.001947,0.018731,-0.446594,-0.894539,812.093079,312.973785,34.475117,-0.009427,-0.001455,-0.325953,-0.945338,1049.796509,614.740295,13.861221,-0.040833,-0.011325,0.460319,0.886742,996.965088,477.452637,938.573608
274,1.141667,-0.002888,0.018367,-0.445500,-0.895089,814.073120,316.309296,34.330006,-0.009419,-0.001725,-0.325981,-0.945328,1049.812744,614.744324,13.877001,-0.040859,-0.010789,0.459908,0.886961,997.419678,478.137939,938.678040
275,1.145833,-0.003623,0.017739,-0.444524,-0.895584,816.031738,319.595551,34.204575,-0.009377,-0.001885,-0.326012,-0.945317,1049.825195,614.748718,13.889520,-0.041225,-0.011087,0.459570,0.887115,997.881104,478.776611,938.585876
276,1.150000,-0.004690,0.017093,-0.443919,-0.895892,817.945801,322.842133,33.997772,-0.009302,-0.002053,-0.326059,-0.945301,1049.835205,614.750549,13.899808,-0.041046,-0.010866,0.459121,0.887359,998.352234,479.427612,938.594543
277,1.154167,-0.005240,0.016502,-0.442673,-0.896516,819.958618,326.147125,33.789040,-0.009314,-0.002357,-0.326102,-0.945286,1049.853027,614.748962,13.905197,-0.040594,-0.010578,0.458831,0.887533,998.790833,480.090820,938.724609
278,1.158333,-0.006621,0.016393,-0.441216,-0.897227,822.023865,329.397552,33.555534,-0.009345,-0.002699,-0.326059,-0.945300,1049.872681,614.741028,13.912334,-0.040608,-0.010307,0.458527,0.887692,999.208130,480.715210,938.746033
279,1.162500,-0.007741,0.016384,-0.439664,-0.897980,824.112488,332.724487,33.322136,-0.009342,-0.002981,-0.326066,-0.945296,1049.898315,614.742188,13.919195,-0.040231,-0.011606,0.458381,0.887769,999.565613,481.405945,938.724487
280,1.166667,-0.009330,0.016508,-0.437953,-0.898798,826.237549,336.013153,33.074894,-0.009303,-0.003215,-0.326078,-0.945292,1049.924194,614.735962,13.935020,-0.040286,-0.012771,0.458337,0.887773,999.966858,482.147614,938.728149
281,1.170833,-0.010444,0.017053,-0.435529,-0.899953,828.500977,339.344879,32.787174,-0.009191,-0.003430,-0.326071,-0.945294,1049.946655,614.726746,13.952095,-0.040321,-0.013032,0.458151,0.887864,1000.355347,482.800262,938.826965
282,1.175000,-0.012058,0.017961,-0.432905,-0.901180,830.820312,342.685944,32.475109,-0.009161,-0.003803,-0.326070,-0.945294,1049.960083,614.717346,13.969087,-0.039703,-0.013459,0.458007,0.887960,1000.655762,483.458221,938.879639
283,1.179167,-0.013939,0.019063,-0.429953,-0.902542,832.945862,346.099091,32.227982,-0.009102,-0.004148,-0.326074,-0.945292,1049.985840,614.702759,13.975529,-0.038438,-0.013060,0.457652,0.888204,1001.187927,483.868195,938.704651
284,1.183333,-0.015881,0.020067,-0.427768,-0.903526,835.065491,349.374817,31.981840,-0.008992,-0.004485,-0.326075,-0.945290,1050.020874,614.694519,13.993203,-0.038061,-0.012861,0.457293,0.888408,1001.594055,484.455109,938.686279
285,1.187500,-0.017866,0.021113,-0.425157,-0.904697,837.228638,352.578857,31.643347,-0.008881,-0.004661,-0.326068,-0.945293,1050.066040,614.684570,13.998228,-0.037743,-0.012961,0.457123,0.888508,1001.987793,485.052826,938.685730
286,1.191667,-0.019156,0.022355,-0.422451,-0.905908,839.317566,355.856537,31.356655,-0.008860,-0.005018,-0.326048,-0.945298,1050.094604,614.690613,14.009068,-0.037284,-0.012852,0.456727,0.888732,1002.305603,485.565826,938.668701
287,1.195833,-0.020894,0.023818,-0.419492,-0.907206,841.375305,359.034576,31.031879,-0.008836,-0.005335,-0.326085,-0.945284,1050.120605,614.692932,14.020124,-0.037113,-0.012963,0.456481,0.888864,1002.671814,486.148712,938.666687
288,1.200000,-0.022523,0.025242,-0.416750,-0.908391,843.519043,362.195648,30.687956,-0.008763,-0.005711,-0.326091,-0.945281,1050.147217,614.695618,14.023149,-0.037070,-0.013005,0.456163,0.889028,1003.051270,486.725647,938.622803
289,1.204167,-0.023876,0.026850,-0.413955,-0.909588,845.514282,365.280975,30.395746,-0.008768,-0.005981,-0.326078,-0.945283,1050.178833,614.697693,14.040483,-0.037262,-0.013410,0.455892,0.889154,1003.410950,487.315125,938.555847
290,1.208333,-0.025527,0.028673,-0.410947,-0.910851,847.557617,368.312317,30.081856,-0.008724,-0.006312,-0.326118,-0.945268,1050.205933,614.704834,14.049890,-0.036834,-0.013419,0.455682,0.889279,1003.692017,487.893433,938.609924
291,1.212500,-0.027328,0.030297,-0.408136,-0.912009,849.597046,371.290344,29.735434,-0.008713,-0.006595,-0.326127,-0.945263,1050.230835,614.712830,14.057475,-0.036387,-0.013202,0.455337,0.889477,1003.983276,488.423309,938.625427
292,1.216667,-0.028863,0.031913,-0.405673,-0.913005,851.550354,374.208160,29.424540,-0.008674,-0.006889,-0.326141,-0.945256,1050.254639,614.714722,14.069732,-0.036161,-0.013241,0.455044,0.889636,1004.297607,489.000244,938.617004
293,1.220833,-0.030184,0.033206,-0.403122,-0.914046,853.483093,377.049591,29.124306,-0.008662,-0.007118,-0.326179,-0.945242,1050.275391,614.726318,14.081299,-0.035805,-0.013259,0.454696,0.889828,1004.593994,489.573853,938.643066
294,1.225000,-0.032943,0.038548,-0.402708,-0.913923,855.393188,380.097565,29.073597,-0.008627,-0.007415,-0.326183,-0.945238,1050.302246,614.729797,14.091057,-0.035545,-0.013270,0.454314,0.890033,1004.876404,490.095551,938.607422
295,1.229167,-0.034435,0.039848,-0.400657,-0.914713,857.256226,382.786530,28.780293,-0.008609,-0.007679,-0.326167,-0.945242,1050.318359,614.737732,14.092518,-0.035208,-0.013343,0.453997,0.890207,1005.172241,490.643219,938.612854
296,1.233333,-0.035992,0.041516,-0.398622,-0.915468,858.972778,385.414886,28.602768,-0.008575,-0.007944,-0.326162,-0.945242,1050.333862,614.738953,14.105057,-0.034552,-0.013027,0.453630,0.890425,1005.437866,491.170837,938.662354
297,1.237500,-0.037227,0.042426,-0.396724,-0.916201,860.773193,387.937561,28.275450,-0.008550,-0.008138,-0.326173,-0.945237,1050.351929,614.744629,14.112361,-0.034157,-0.012859,0.453076,0.890724,1005.687927,491.687836,938.646790
298,1.241667,-0.038054,0.043131,-0.395095,-0.916838,862.483093,390.353058,27.938553,-0.008495,-0.008326,-0.326149,-0.945244,1050.369995,614.747192,14.120196,-0.034154,-0.013283,0.452670,0.890925,1005.948303,492.234802,938.602112
299,1.245833,-0.039233,0.044155,-0.393680,-0.917348,864.150146,392.686493,27.628935,-0.008466,-0.008600,-0.326141,-0.945244,1050.379639,614.742432,14.125196,-0.034087,-0.013488,0.452291,0.891116,1006.220825,492.776611,938.559937
300,1.250000,-0.039988,0.045039,-0.392519,-0.917770,865.758484,394.959869,27.331661,-0.008448,-0.008827,-0.326151,-0.945239,1050.396118,614.749817,14.146123,-0.033806,-0.013561,0.451839,0.891356,1006.458862,493.294098,938.518677
301,1.254167,-0.040752,0.046371,-0.391504,-0.918103,867.222961,397.215149,27.115259,-0.008443,-0.008940,-0.326154,-0.945237,1050.408813,614.757385,14.158126,-0.033301,-0.013540,0.451436,0.891579,1006.680969,493.861633,938.532959
302,1.258333,-0.041959,0.047311,-0.390629,-0.918374,868.761597,399.252014,26.760742,-0.008430,-0.009103,-0.326143,-0.945239,1050.421875,614.761353,14.162179,-0.033246,-0.014040,0.451044,0.891772,1006.932373,494.386597,938.484497
303,1.262500,-0.042483,0.048571,-0.390112,-0.918504,870.106995,401.271057,26.477859,-0.008370,-0.009308,-0.326135,-0.945240,1050.430420,614.762024,14.168446,-0.032855,-0.014237,0.450661,0.891977,1007.117371,494.902924,938.492004
304,1.266667,-0.042796,0.049288,-0.389642,-0.918650,871.484070,403.242004,26.078199,-0.008338,-0.009370,-0.326153,-0.945234,1050.435425,614.766235,14.173887,-0.032464,-0.014285,0.450107,0.892270,1007.292053,495.419739,938.453308
305,1.270833,-0.043104,0.050243,-0.389509,-0.918641,872.772400,405.127655,25.674049,-0.008310,-0.009490,-0.326185,-0.945222,1050.436646,614.771912,14.174817,-0.032229,-0.014329,0.449600,0.892533,1007.470398,495.964050,938.426147
306,1.275000,-0.042882,0.051531,-0.389535,-0.918568,873.968994,406.881165,25.211269,-0.008249,-0.009582,-0.326171,-0.945226,1050.440430,614.767700,14.175497,-0.031813,-0.014441,0.449134,0.892781,1007.614136,496.536896,938.450317
307,1.279167,-0.042545,0.052939,-0.389782,-0.918399,875.216187,408.627869,24.697281,-0.008267,-0.009618,-0.326211,-0.945212,1050.437378,614.776672,14.173944,-0.031573,-0.014639,0.448640,0.893035,1007.733948,497.079742,938.424438
308,1.283333,-0.041817,0.053841,-0.389666,-0.918429,876.420349,410.260345,24.179440,-0.008206,-0.009693,-0.326240,-0.945202,1050.432983,614.776367,14.181273,-0.031440,-0.014781,0.448053,0.893332,1007.888550,497.600616,938.328186
309,1.287500,-0.040460,0.054331,-0.390092,-0.918281,877.524841,411.836731,23.648642,-0.008247,-0.009703,-0.326287,-0.945185,1050.432129,614.773254,14.176223,-0.030870,-0.014728,0.447577,0.893591,1008.022400,498.136292,938.295776
310,1.291667,-0.038853,0.054102,-0.389851,-0.918466,878.636536,413.255096,22.928314,-0.008166,-0.009772,-0.326312,-0.945176,1050.424194,614.769470,14.175218,-0.030473,-0.014734,0.446984,0.893901,1008.137939,498.664368,938.237061
311,1.295833,-0.035981,0.053791,-0.390357,-0.918386,879.689148,414.608124,22.415001,-0.008153,-0.009820,-0.326355,-0.945161,1050.417480,614.772400,14.178494,-0.030306,-0.014861,0.446346,0.894224,1008.255127,499.165710,938.119507
312,1.300000,-0.032798,0.052768,-0.390142,-0.918656,880.666016,415.897430,21.747972,-0.008151,-0.009844,-0.326593,-0.945079,1050.388794,614.756165,14.181761,-0.030128,-0.015213,0.445883,0.894455,1008.320923,499.714325,938.059143
313,1.304167,-0.028770,0.049942,-0.390765,-0.918684,881.706116,417.169128,20.993084,-0.008351,-0.009946,-0.326887,-0.944974,1050.339478,614.745422,14.204176,-0.029694,-0.015238,0.445373,0.894723,1008.393738,500.237000,938.034485
314,1.308333,-0.023861,0.046370,-0.391229,-0.918815,882.555969,418.296875,20.369785,-0.008506,-0.009826,-0.327248,-0.944849,1050.290527,614.736816,14.234656,-0.029495,-0.015302,0.444730,0.895048,1008.475769,500.733673,937.881165
315,1.312500,-0.019853,0.043685,-0.392522,-0.918490,883.169006,419.321899,19.808491,-0.008492,-0.009902,-0.327355,-0.944811,1050.273682,614.731140,14.235514,-0.029207,-0.015450,0.444134,0.895351,1008.540283,501.245972,937.763123
316,1.316667,-0.015508,0.040002,-0.394262,-0.917996,883.638245,420.162537,19.304455,-0.008376,-0.009945,-0.327356,-0.944811,1050.279907,614.726562,14.231620,-0.028975,-0.015716,0.443688,0.895575,1008.576843,501.753998,937.669128
317,1.320833,-0.012134,0.035930,-0.396612,-0.917203,884.035828,420.787354,18.803366,-0.008308,-0.010112,-0.327285,-0.944835,1050.284302,614.723206,14.221911,-0.028885,-0.016114,0.443240,0.895793,1008.592712,502.279297,937.558411
318,1.325000,-0.009506,0.032844,-0.399533,-0.916081,884.220947,421.218597,18.432421,-0.008275,-0.010186,-0.327291,-0.944833,1050.293335,614.724670,14.220953,-0.028593,-0.016560,0.442771,0.896026,1008.576843,502.775238,937.400269
319,1.329167,-0.008091,0.030761,-0.404088,-0.914167,884.244995,421.512054,18.081179,-0.008263,-0.010299,-0.327313,-0.944824,1050.298218,614.726746,14.232522,-0.028210,-0.016605,0.442226,0.896306,1008.574951,503.261444,937.256165
320,1.333333,-0.007428,0.029345,-0.409177,-0.911953,884.034302,421.715240,17.695456,-0.008297,-0.010363,-0.327347,-0.944811,1050.300293,614.719543,14.241053,-0.028064,-0.016760,0.441738,0.896548,1008.560669,503.776245,937.162537
321,1.337500,-0.007238,0.029131,-0.414039,-0.909764,883.680786,421.818817,17.381369,-0.008271,-0.010473,-0.327326,-0.944817,1050.306519,614.718811,14.245731,-0.027461,-0.017159,0.441367,0.896742,1008.512390,504.281830,936.983521
322,1.341667,-0.006945,0.029057,-0.418350,-0.907794,883.280579,422.032623,17.079855,-0.008278,-0.010722,-0.327288,-0.944828,1050.317017,614.714050,14.261325,-0.027158,-0.017472,0.440918,0.896966,1008.468384,504.766571,936.837769
323,1.345833,-0.006776,0.028410,-0.422114,-0.906072,882.912598,422.244812,16.829205,-0.008305,-0.010732,-0.327285,-0.944828,1050.327759,614.714233,14.261378,-0.026863,-0.017646,0.440425,0.897214,1008.399353,505.251709,936.702209
324,1.350000,-0.006558,0.027740,-0.424824,-0.904827,882.617065,422.540649,16.559620,-0.008300,-0.010787,-0.327274,-0.944832,1050.334106,614.707153,14.272470,-0.026709,-0.017859,0.439976,0.897435,1008.318665,505.730560,936.535034
325,1.354167,-0.006794,0.025993,-0.427770,-0.903488,882.450928,422.825134,16.307110,-0.008271,-0.010921,-0.327252,-0.944838,1050.346802,614.699646,14.278732,-0.026326,-0.018074,0.439735,0.897560,1008.177612,506.305054,936.424927
326,1.358333,-0.006215,0.024507,-0.429961,-0.902493,882.371033,423.199463,16.104498,-0.008289,-0.010985,-0.327218,-0.944849,1050.360718,614.700500,14.280968,-0.026066,-0.018402,0.439363,0.897743,1008.079651,506.820068,936.286926
327,1.362500,-0.005818,0.023453,-0.431497,-0.901791,882.321838,423.531372,15.907057,-0.008229,-0.011167,-0.327152,-0.944870,1050.366943,614.687134,14.282404,-0.025772,-0.018672,0.438973,0.897937,1007.940186,507.317078,936.136414
328,1.366667,-0.005523,0.022315,-0.433066,-0.901069,882.297607,423.732513,15.803382,-0.008208,-0.011266,-0.327125,-0.944878,1050.377075,614.676514,14.292485,-0.025499,-0.018813,0.438571,0.898138,1007.784363,507.774536,936.023132
329,1.370833,-0.005454,0.020741,-0.434615,-0.900361,882.286682,423.826965,15.682840,-0.008266,-0.011316,-0.327134,-0.944874,1050.391479,614.672241,14.298699,-0.025184,-0.018976,0.438191,0.898329,1007.644775,508.231873,935.909119
330,1.375000,-0.005437,0.019048,-0.435483,-0.899979,882.394958,423.869446,15.502326,-0.008196,-0.011485,-0.327052,-0.944901,1050.402710,614.652832,14.308050,-0.025059,-0.019162,0.437768,0.898534,1007.517334,508.688446,935.756348
331,1.379167,-0.005334,0.017384,-0.436318,-0.899609,882.475830,423.841614,15.362408,-0.008212,-0.011513,-0.327053,-0.944900,1050.408813,614.641541,14.309778,-0.024645,-0.019094,0.437411,0.898721,1007.354736,509.147095,935.633667
332,1.383333,-0.002502,0.012346,-0.435898,-0.899908,882.898804,423.601013,15.027202,-0.008223,-0.011573,-0.327043,-0.944903,1050.418701,614.636536,14.317878,-0.024342,-0.019161,0.437125,0.898867,1007.182251,509.611237,935.525635
333,1.387500,-0.002268,0.011391,-0.436124,-0.899812,883.015381,423.523163,14.894863,-0.008252,-0.011583,-0.327041,-0.944903,1050.422729,614.625977,14.324952,-0.023847,-0.019198,0.436825,0.899025,1006.990417,510.068054,935.490295
334,1.391667,-0.002414,0.010751,-0.436090,-0.899836,883.151978,423.437775,14.773429,-0.008244,-0.011642,-0.326996,-0.944918,1050.427246,614.604004,14.338223,-0.023496,-0.019288,0.436556,0.899163,1006.794800,510.524323,935.441528
335,1.395833,-0.002578,0.010302,-0.435781,-0.899990,883.299561,423.341492,14.629973,-0.008280,-0.011663,-0.327011,-0.944912,1050.427979,614.593506,14.339429,-0.023454,-0.019410,0.436227,0.899321,1006.605652,510.940918,935.308289
336,1.400000,-0.002718,0.009942,-0.435366,-0.900194,883.439026,423.230927,14.490746,-0.008250,-0.011718,-0.327022,-0.944908,1050.427124,614.571594,14.342818,-0.023140,-0.019262,0.435932,0.899476,1006.399170,511.344360,935.232239
337,1.404167,-0.003269,0.010005,-0.435036,-0.900352,883.553589,423.108398,14.351807,-0.008289,-0.011717,-0.327017,-0.944910,1050.428345,614.553467,14.340870,-0.022973,-0.019372,0.435715,0.899583,1006.193176,511.761414,935.139587
338,1.408333,-0.003767,0.010151,-0.434831,-0.900447,883.579285,422.967682,14.237288,-0.008277,-0.011822,-0.327012,-0.944910,1050.431274,614.544800,14.350842,-0.022606,-0.019156,0.435442,0.899729,1005.984192,512.147888,935.097107
339,1.412500,-0.004085,0.010423,-0.434788,-0.900463,883.494751,422.826324,14.159062,-0.008307,-0.011841,-0.327029,-0.944904,1050.437744,614.534180,14.355979,-0.023017,-0.019780,0.435451,0.899701,1005.676270,512.579102,935.043518
340,1.416667,-0.004463,0.010759,-0.434698,-0.900501,883.421143,422.664337,14.039031,-0.008324,-0.011844,-0.327077,-0.944887,1050.434814,614.522766,14.357533,-0.022879,-0.019744,0.435241,0.899807,1005.452148,512.982239,934.982788
341,1.420833,-0.005157,0.011497,-0.434423,-0.900621,883.343628,422.493744,13.932410,-0.008365,-0.011946,-0.327083,-0.944883,1050.436401,614.516296,14.362183,-0.022375,-0.019422,0.434920,0.899982,1005.296570,513.358276,934.955750
342,1.425000,-0.005984,0.012365,-0.434086,-0.900766,883.278015,422.331268,13.817458,-0.008345,-0.012042,-0.327092,-0.944879,1050.439819,614.494080,14.366444,-0.021816,-0.019019,0.434604,0.900157,1005.125854,513.665771,934.906250
343,1.429167,-0.006923,0.013305,-0.433578,-0.900991,883.228271,422.193634,13.723108,-0.008331,-0.012135,-0.327093,-0.944877,1050.445435,614.481445,14.373260,-0.021621,-0.018926,0.434392,0.900265,1004.911438,514.005005,934.867493
344,1.433333,-0.007656,0.014269,-0.432942,-0.901276,883.206848,422.045837,13.637815,-0.008350,-0.012219,-0.327118,-0.944868,1050.457642,614.468872,14.382135,-0.021508,-0.018772,0.434188,0.900370,1004.672791,514.364685,934.818665
345,1.437500,-0.008132,0.015582,-0.432287,-0.901565,883.020630,421.873535,13.643279,-0.008380,-0.012313,-0.327115,-0.944867,1050.468750,614.449951,14.398010,-0.021441,-0.018527,0.433962,0.900485,1004.415894,514.695435,934.811218
346,1.441667,-0.008922,0.016448,-0.432226,-0.901571,882.898193,421.702698,13.641326,-0.008393,-0.012397,-0.327129,-0.944861,1050.479736,614.441956,14.404079,-0.021412,-0.018369,0.433751,0.900591,1004.165283,515.025391,934.803406
347,1.445833,-0.009808,0.017383,-0.432281,-0.901518,882.791443,421.536377,13.628726,-0.008393,-0.012567,-0.327139,-0.944856,1050.487427,614.433472,14.411678,-0.021363,-0.018134,0.433543,0.900697,1003.927246,515.328552,934.792175
348,1.450000,-0.010527,0.018150,-0.432251,-0.901509,882.712952,421.397522,13.590523,-0.008452,-0.012488,-0.327165,-0.944847,1050.496216,614.431702,14.422550,-0.021448,-0.017969,0.433311,0.900810,1003.707764,515.615112,934.771301
349,1.454167,-0.011247,0.018939,-0.432186,-0.901516,882.692017,421.258423,13.539894,-0.008439,-0.012513,-0.327157,-0.944849,1050.499023,614.408630,14.430505,-0.021524,-0.017701,0.433076,0.900926,1003.487610,515.883179,934.775330
350,1.458333,-0.012757,0.019906,-0.432065,-0.901533,882.677979,421.186432,13.590011,-0.008493,-0.012532,-0.327150,-0.944851,1050.502563,614.389709,14.430678,-0.021591,-0.017419,0.432856,0.901036,1003.233643,516.169678,934.781433
351,1.462500,-0.014467,0.021338,-0.432191,-0.901414,882.609192,421.160553,13.680697,-0.008511,-0.012538,-0.327145,-0.944853,1050.495605,614.376343,14.437144,-0.021505,-0.017015,0.432627,0.901156,1002.983704,516.427917,934.790833
352,1.466667,-0.015291,0.022548,-0.432270,-0.901333,882.514221,421.158081,13.678308,-0.008496,-0.012576,-0.327106,-0.944866,1050.492432,614.352417,14.447133,-0.021389,-0.016608,0.432406,0.901272,1002.726929,516.675537,934.834412
353,1.470833,-0.016482,0.023925,-0.432624,-0.901106,882.401917,421.170319,13.710921,-0.008499,-0.012473,-0.327074,-0.944878,1050.485352,614.327393,14.447001,-0.021392,-0.016321,0.432153,0.901399,1002.471191,516.893616,934.869629
354,1.475000,-0.017432,0.024860,-0.433181,-0.900796,882.237061,421.155487,13.763792,-0.008489,-0.012261,-0.327023,-0.944899,1050.474243,614.311768,14.444267,-0.021635,-0.016342,0.431947,0.901491,1002.211792,517.138977,934.891602
355,1.479167,-0.017625,0.025133,-0.433599,-0.900583,882.140320,421.118652,13.761859,-0.008548,-0.012089,-0.327033,-0.944897,1050.456421,614.292358,14.442176,-0.021795,-0.016261,0.431730,0.901593,1001.963989,517.351929,934.892334
356,1.483333,-0.017563,0.025073,-0.433896,-0.900443,882.111328,421.075012,13.743385,-0.008571,-0.011962,-0.326986,-0.944915,1050.442993,614.272461,14.443927,-0.022032,-0.016225,0.431538,0.901680,1001.714478,517.554382,934.901855
357,1.487500,-0.017598,0.025088,-0.433975,-0.900404,882.110291,421.041321,13.753377,-0.008632,-0.011671,-0.326980,-0.944920,1050.426392,614.256042,14.437928,-0.022024,-0.016002,0.431343,0.901777,1001.470947,517.734497,934.919983
358,1.491667,-0.017759,0.025110,-0.433998,-0.900389,882.145142,421.046844,13.750106,-0.008624,-0.011540,-0.326980,-0.944921,1050.406372,614.238159,14.434072,-0.022051,-0.015929,0.431143,0.901873,1001.199341,517.925537,934.919617
359,1.495833,-0.017861,0.025071,-0.433707,-0.900528,882.242493,420.993896,13.770351,-0.008679,-0.011246,-0.326965,-0.944930,1050.381958,614.219421,14.425454,-0.021962,-0.016008,0.430999,0.901943,1000.918640,518.113464,934.952759
360,1.500000,-0.018038,0.024745,-0.433593,-0.900588,882.328125,420.978516,13.788309,-0.008769,-0.010949,-0.326962,-0.944933,1050.350952,614.206055,14.418083,-0.021831,-0.016025,0.430889,0.901999,1000.632141,518.293884,934.988647
361,1.504167,-0.017805,0.024318,-0.433585,-0.900608,882.384399,420.985107,13.753975,-0.008851,-0.010559,-0.326944,-0.944943,1050.325073,614.189575,14.422498,-0.021889,-0.016236,0.430763,0.902054,1000.349670,518.450500,935.007385
362,1.508333,-0.017462,0.023945,-0.433574,-0.900630,882.440979,420.984985,13.726616,-0.008802,-0.010217,-0.326869,-0.944974,1050.331665,614.146973,14.409564,-0.021824,-0.016194,0.430600,0.902134,1000.049683,518.595093,935.072815
363,1.512500,-0.017104,0.023462,-0.433641,-0.900618,882.488525,420.991638,13.709854,-0.008937,-0.009879,-0.326881,-0.944972,1050.310913,614.133362,14.413824,-0.021809,-0.016200,0.430455,0.902203,999.757141,518.702942,935.085510
364,1.516667,-0.016990,0.023238,-0.433693,-0.900601,882.517334,421.009552,13.706197,-0.008941,-0.009493,-0.326850,-0.944986,1050.273193,614.109985,14.388826,-0.021759,-0.016163,0.430297,0.902280,999.469666,518.788452,935.093323
365,1.520833,-0.016913,0.023028,-0.433822,-0.900545,882.529846,421.031158,13.694817,-0.008968,-0.009131,-0.326847,-0.944991,1050.234863,614.095886,14.382417,-0.021699,-0.016157,0.430123,0.902365,999.161865,518.880066,935.084290
366,1.525000,-0.016802,0.022750,-0.433991,-0.900473,882.544678,421.052368,13.678128,-0.009017,-0.008860,-0.326835,-0.944997,1050.207520,614.081665,14.373432,-0.021480,-0.016117,0.429937,0.902459,998.862305,518.940491,935.054871
367,1.529167,-0.016830,0.022661,-0.434059,-0.900442,882.550232,421.086517,13.684311,-0.009040,-0.008460,-0.326849,-0.944996,1050.176758,614.059570,14.362595,-0.021308,-0.016161,0.429837,0.902510,998.549561,519.015991,935.026672
368,1.533333,-0.016660,0.022412,-0.434269,-0.900350,882.553589,421.111084,13.670632,-0.009136,-0.008121,-0.326863,-0.944993,1050.145020,614.045288,14.356247,-0.021034,-0.016217,0.429787,0.902540,998.249695,519.080078,935.005493
369,1.537500,-0.011892,0.018966,-0.434037,-0.900617,882.636841,420.994446,13.273955,-0.009141,-0.007823,-0.326847,-0.945001,1050.112305,614.029358,14.343433,-0.020823,-0.016275,0.429729,0.902571,997.960693,519.144531,934.992188
370,1.541667,-0.011843,0.018851,-0.434007,-0.900635,882.663147,421.000916,13.259933,-0.009205,-0.007496,-0.326882,-0.944991,1050.079224,614.010254,14.337219,-0.020785,-0.016241,0.429649,0.902610,997.661560,519.187561,934.975891
371,1.545833,-0.011819,0.018708,-0.434028,-0.900628,882.682556,421.011627,13.239219,-0.009267,-0.007186,-0.326880,-0.944993,1050.052734,613.993896,14.323987,-0.020619,-0.016164,0.429523,0.902676,997.360474,519.200134,934.959473
372,1.550000,-0.011686,0.018503,-0.434055,-0.900620,882.690430,421.026031,13.222033,-0.009344,-0.006839,-0.326889,-0.944992,1050.023926,613.979309,14.316895,-0.020481,-0.015995,0.429370,0.902755,997.053406,519.189209,934.942871
373,1.554167,-0.011765,0.018479,-0.434060,-0.900617,882.694092,421.037689,13.212693,-0.009436,-0.006420,-0.326885,-0.944995,1049.998535,613.966370,14.307700,-0.020316,-0.015722,0.429231,0.902829,996.746460,519.182678,934.934631
374,1.558333,-0.011627,0.018251,-0.434056,-0.900626,882.699402,421.051453,13.194356,-0.009504,-0.006115,-0.326889,-0.944995,1049.970337,613.949036,14.305752,-0.020318,-0.015741,0.429366,0.902764,996.436218,519.128601,934.861938
375,1.562500,-0.011614,0.018190,-0.434086,-0.900613,882.705139,421.052856,13.173301,-0.009572,-0.005811,-0.326892,-0.944996,1049.937744,613.930298,14.294778,-0.019945,-0.015749,0.429474,0.902721,996.113037,519.125671,934.854126
376,1.566667,-0.011571,0.018067,-0.434126,-0.900597,882.708618,421.048706,13.152688,-0.009600,-0.005528,-0.326878,-0.945002,1049.910278,613.918335,14.291571,-0.019603,-0.015503,0.429600,0.902673,995.865845,519.098572,934.882935
377,1.570833,-0.011677,0.018124,-0.434105,-0.900604,882.718628,421.050812,13.133621,-0.009686,-0.005215,-0.326875,-0.945004,1049.892944,613.909302,14.284701,-0.019500,-0.015531,0.429550,0.902699,995.548523,519.117737,934.843384
378,1.575000,-0.011647,0.018082,-0.434085,-0.900615,882.710144,421.036896,13.120325,-0.009697,-0.004915,-0.326879,-0.945004,1049.869385,613.895935,14.271802,-0.019506,-0.015379,0.429390,0.902777,995.246948,519.123047,934.778809
379,1.579167,-0.011692,0.018087,-0.434131,-0.900592,882.711182,421.030090,13.096992,-0.009669,-0.004776,-0.326866,-0.945009,1049.851196,613.882019,14.260490,-0.019701,-0.014746,0.429405,0.902777,994.875122,519.081909,934.637634
380,1.583333,-0.011754,0.018090,-0.434140,-0.900587,882.710815,421.022186,13.090775,-0.009744,-0.004525,-0.326858,-0.945012,1049.836060,613.869019,14.254719,-0.020302,-0.014548,0.429130,0.902897,994.452637,519.130371,934.385681
381,1.587500,-0.011732,0.017982,-0.434155,-0.900582,882.714111,421.009094,13.065972,-0.009799,-0.004284,-0.326884,-0.945004,1049.820801,613.859070,14.244885,-0.020390,-0.014424,0.428989,0.902964,994.107605,519.179565,934.281616
382,1.591667,-0.011831,0.017981,-0.434213,-0.900553,882.721252,420.999725,13.048229,-0.009808,-0.004117,-0.326876,-0.945007,1049.807007,613.843323,14.237304,-0.020207,-0.014493,0.428842,0.903037,993.795471,519.188904,934.244812
383,1.595833,-0.011851,0.018010,-0.434238,-0.900540,882.704834,421.000458,13.048161,-0.009866,-0.004037,-0.326906,-0.944997,1049.790649,613.834106,14.238099,-0.019929,-0.014735,0.428751,0.903083,993.503052,519.194275,934.236328
384,1.600000,-0.011880,0.017991,-0.434307,-0.900507,882.712463,420.987915,13.025861,-0.009859,-0.003871,-0.326886,-0.945004,1049.780518,613.828552,14.230419,-0.019612,-0.014903,0.428720,0.903102,993.207520,519.210083,934.241150
385,1.604167,-0.011823,0.017904,-0.434344,-0.900491,882.706787,420.984314,13.008498,-0.009882,-0.003703,-0.326890,-0.945004,1049.766235,613.819458,14.223407,-0.019366,-0.015002,0.428670,0.903129,992.917908,519.227905,934.259155
386,1.608333,-0.011963,0.017937,-0.434427,-0.900449,882.711792,420.980804,13.001821,-0.009942,-0.003601,-0.326845,-0.945019,1049.761353,613.809814,14.227180,-0.019242,-0.014976,0.428595,0.903167,992.619141,519.240723,934.246948
387,1.612500,-0.011950,0.017922,-0.434490,-0.900419,882.715210,420.979248,12.990725,-0.009973,-0.003422,-0.326863,-0.945013,1049.751831,613.810486,14.228618,-0.018999,-0.014898,0.428529,0.903205,992.330017,519.254517,934.234558
388,1.616667,-0.011871,0.017853,-0.434503,-0.900415,882.718262,420.973236,12.973486,-0.009977,-0.003299,-0.326856,-0.945016,1049.737793,613.799866,14.219340,-0.018739,-0.014807,0.428464,0.903243,992.033447,519.256042,934.224487
389,1.620833,-0.011892,0.017787,-0.434596,-0.900371,882.718323,420.976929,12.961627,-0.010039,-0.003164,-0.326867,-0.945012,1049.729248,613.797791,14.220762,-0.018525,-0.014778,0.428421,0.903268,991.735352,519.256775,934.211853
390,1.625000,-0.011894,0.017798,-0.434664,-0.900338,882.717285,420.960602,12.952190,-0.010048,-0.003101,-0.326834,-0.945023,1049.721924,613.786377,14.218783,-0.018206,-0.014770,0.428406,0.903282,991.449158,519.245605,934.210999
391,1.629167,-0.011912,0.017761,-0.434665,-0.900338,882.720093,420.965820,12.950307,-0.010085,-0.002947,-0.326830,-0.945025,1049.710449,613.786499,14.225258,-0.017947,-0.014795,0.428447,0.903267,991.165283,519.271667,934.210327
392,1.633333,-0.011871,0.017728,-0.434713,-0.900316,882.718567,420.955688,12.934586,-0.010083,-0.002891,-0.326879,-0.945008,1049.700439,613.775879,14.211881,-0.017564,-0.014819,0.428478,0.903260,990.890686,519.275940,934.239441
393,1.637500,-0.011902,0.017753,-0.434768,-0.900289,882.718689,420.952362,12.927292,-0.010083,-0.002782,-0.326892,-0.945004,1049.699097,613.775208,14.211823,-0.017324,-0.014814,0.428555,0.903228,990.656799,519.175720,934.155518
394,1.641667,-0.011976,0.017788,-0.434816,-0.900264,882.718933,420.947754,12.914665,-0.010091,-0.002619,-0.326867,-0.945013,1049.690552,613.773010,14.206592,-0.017318,-0.014886,0.428612,0.903200,990.355347,519.285095,934.183411
395,1.645833,-0.011959,0.017785,-0.434844,-0.900251,882.718750,420.928436,12.898860,-0.010108,-0.002503,-0.326851,-0.945018,1049.679688,613.759338,14.204629,-0.017149,-0.014844,0.428553,0.903232,990.073242,519.308594,934.160095
396,1.650000,-0.012105,0.017933,-0.434882,-0.900227,882.721191,420.917358,12.891869,-0.010133,-0.002451,-0.326833,-0.945024,1049.665405,613.752991,14.197963,-0.016987,-0.014816,0.428598,0.903214,989.778015,519.339294,934.123291
397,1.654167,-0.012099,0.017937,-0.434946,-0.900196,882.727661,420.905762,12.874690,-0.010179,-0.002346,-0.326814,-0.945031,1049.660400,613.751221,14.199095,-0.016825,-0.014766,0.428644,0.903196,989.477783,519.341309,934.095154
398,1.658333,-0.012206,0.018066,-0.434938,-0.900196,882.714661,420.880249,12.865821,-0.010174,-0.002193,-0.326862,-0.945015,1049.649170,613.747986,14.196275,-0.016687,-0.014756,0.428710,0.903168,989.196472,519.336975,934.068054
399,1.662500,-0.012288,0.018127,-0.434917,-0.900204,882.700439,420.865021,12.863222,-0.010227,-0.002077,-0.326847,-0.945020,1049.645264,613.747559,14.198080,-0.016601,-0.014742,0.428779,0.903137,988.907898,519.323669,934.029785
400,1.666667,-0.012346,0.018232,-0.434926,-0.900197,882.689087,420.850372,12.848802,-0.010211,-0.002038,-0.326858,-0.945016,1049.630859,613.741943,14.198424,-0.016383,-0.014698,0.428845,0.903110,988.621399,519.312134,934.022827
401,1.670833,-0.012496,0.018367,-0.434969,-0.900171,882.690674,420.832855,12.835210,-0.010242,-0.001926,-0.326852,-0.945018,1049.622559,613.731628,14.195142,-0.016292,-0.014678,0.428964,0.903055,988.337524,519.327576,934.016296
402,1.675000,-0.012459,0.018383,-0.434915,-0.900198,882.673523,420.817627,12.824858,-0.010273,-0.001756,-0.326831,-0.945025,1049.610107,613.726318,14.193533,-0.016147,-0.014634,0.429079,0.903004,988.075745,519.323425,934.029236
403,1.679167,-0.012631,0.018590,-0.434966,-0.900166,882.675598,420.790009,12.819520,-0.010309,-0.001625,-0.326834,-0.945024,1049.596680,613.726868,14.195239,-0.016070,-0.014624,0.429186,0.902955,987.805664,519.327820,934.005249
404,1.683333,-0.012679,0.018648,-0.434947,-0.900174,882.655212,420.786346,12.814647,-0.010332,-0.001481,-0.326815,-0.945031,1049.588257,613.722717,14.196155,-0.015901,-0.014559,0.429326,0.902892,987.535706,519.322632,933.987976
405,1.687500,-0.012687,0.018639,-0.434975,-0.900160,882.648865,420.764618,12.793799,-0.010337,-0.001440,-0.326786,-0.945041,1049.579468,613.708374,14.184449,-0.015767,-0.014390,0.429423,0.902851,987.263977,519.313171,933.966675
406,1.691667,-0.012637,0.018651,-0.434967,-0.900165,882.636841,420.770050,12.784842,-0.010326,-0.001248,-0.326766,-0.945048,1049.561646,613.698730,14.185481,-0.015550,-0.014270,0.429510,0.902815,986.996765,519.287720,933.946472
407,1.695833,-0.012693,0.018737,-0.434947,-0.900171,882.630920,420.756744,12.775280,-0.010382,-0.001025,-0.326742,-0.945056,1049.549072,613.693787,14.190145,-0.015447,-0.014141,0.429538,0.902806,986.698547,519.249939,933.930176
408,1.700000,-0.012804,0.018811,-0.434924,-0.900180,882.628540,420.745575,12.769493,-0.010405,-0.000949,-0.326742,-0.945056,1049.528809,613.686646,14.185780,-0.015198,-0.013993,0.429565,0.902800,986.402954,519.209778,933.930603
409,1.704167,-0.012830,0.018889,-0.434917,-0.900181,882.617676,420.740570,12.764549,-0.010399,-0.000782,-0.326701,-0.945070,1049.515137,613.679016,14.181139,-0.015018,-0.013895,0.429574,0.902800,986.121948,519.175415,933.931641
410,1.708333,-0.012861,0.018945,-0.434855,-0.900209,882.609131,420.731323,12.763909,-0.010433,-0.000599,-0.326646,-0.945089,1049.497925,613.669250,14.185444,-0.014731,-0.013812,0.429611,0.902788,985.841919,519.123596,933.935059
411,1.712500,-0.012904,0.018954,-0.434933,-0.900171,882.618835,420.733765,12.743676,-0.010469,-0.000380,-0.326632,-0.945093,1049.478516,613.662537,14.182570,-0.014552,-0.013757,0.429711,0.902745,985.577026,519.081421,933.941162
412,1.716667,-0.012924,0.018934,-0.434927,-0.900174,882.616455,420.729431,12.743936,-0.010496,-0.000141,-0.326582,-0.945110,1049.464722,613.649292,14.178518,-0.014413,-0.013657,0.429818,0.902697,985.316467,519.030396,933.950134
413,1.720833,-0.012842,0.018891,-0.434961,-0.900159,882.612610,420.733704,12.730261,-0.010471,0.000072,-0.326516,-0.945134,1049.442871,613.632385,14.166240,-0.014246,-0.013519,0.429889,0.902668,985.053284,518.969116,933.938354
414,1.725000,-0.012792,0.018805,-0.434967,-0.900159,882.620728,420.738068,12.717751,-0.010555,0.000375,-0.326496,-0.945140,1049.417603,613.625732,14.166851,-0.014153,-0.013406,0.429972,0.902632,984.782166,518.911072,933.916931
